/tmp/xml-file14846065470002345082/nbproject_build-impl.xml	403	397		sequential	sequential	0
/tmp/xml-file14846065470002345082/nbproject_build-impl.xml	470	469		attribute	attribute	0
/tmp/xml-file14846065470002345082/nbproject_build-impl.xml	500	496		sequential	sequential	0
/tmp/xml-file14846065470002345082/nbproject_build-impl.xml	85	19		property	property	0
/tmp/xml-file14846065470002345082/nbproject_build-impl.xml	24	23		not	not	0
/tmp/xml-file14846065470002345082/nbproject_build-impl.xml	880	1		target	target	0
/tmp/xml-file14846065470002345082/nbproject_build-impl.xml	831	830		fileset	fileset	0
/tmp/xml-file14846065470002345082/nbproject_build-impl.xml	829	828	http://www.netbeans.org/ns/j2se-project/3	javac	j2seproject3:javac	0
/tmp/xml-file14846065470002345082/nbproject_build-impl.xml	673	671		echo	echo	0
/tmp/xml-file14846065470002345082/nbproject_build-impl.xml	424	419		arg	arg	0
/tmp/xml-file14846065470002345082/nbproject_build-impl.xml	333	329		attribute	attribute	0
/tmp/xml-file14846065470002345082/nbproject_build-impl.xml	83	82		and	and	0
/tmp/xml-file14846065470002345082/nbproject_build-impl.xml	122	120		available	available	0
/tmp/xml-file14846065470002345082/nbproject_build-impl.xml	638	636		copy	copy	0
/tmp/xml-file14846065470002345082/nbproject_build-impl.xml	487	486		path	path	0
/tmp/xml-file14846065470002345082/nbproject_build-impl.xml	42	19		condition	condition	0
/tmp/xml-file14846065470002345082/nbproject_build-impl.xml	603	602		isfalse	isfalse	0
/tmp/xml-file14846065470002345082/nbproject_build-impl.xml	729	728		fail	fail	0
/tmp/xml-file14846065470002345082/nbproject_build-impl.xml	783	780		antcall	antcall	0
/tmp/xml-file14846065470002345082/nbproject_build-impl.xml	359	353		sequential	sequential	0
/tmp/xml-file14846065470002345082/nbproject_build-impl.xml	88	19		property	property	0
/tmp/xml-file14846065470002345082/nbproject_build-impl.xml	645	643	http://www.netbeans.org/ns/j2se-project/3	force-recompile	j2seproject3:force-recompile	0
/tmp/xml-file14846065470002345082/nbproject_build-impl.xml	199	198		property	property	0
/tmp/xml-file14846065470002345082/nbproject_build-impl.xml	391	381		formatter	formatter	0
/tmp/xml-file14846065470002345082/nbproject_build-impl.xml	36	33		matches	matches	0
/tmp/xml-file14846065470002345082/nbproject_build-impl.xml	261	259		mapper	mapper	0
/tmp/xml-file14846065470002345082/nbproject_build-impl.xml	653	1		target	target	0
/tmp/xml-file14846065470002345082/nbproject_build-impl.xml	735	734		fail	fail	0
/tmp/xml-file14846065470002345082/nbproject_build-impl.xml	189	186		attribute	attribute	0
/tmp/xml-file14846065470002345082/nbproject_build-impl.xml	170	169		dirset	dirset	0
/tmp/xml-file14846065470002345082/nbproject_build-impl.xml	126	125		and	and	0
/tmp/xml-file14846065470002345082/nbproject_build-impl.xml	129	19		condition	condition	0
/tmp/xml-file14846065470002345082/nbproject_build-impl.xml	150	149		property	property	0
/tmp/xml-file14846065470002345082/nbproject_build-impl.xml	489	488		propertyref	propertyref	0
/tmp/xml-file14846065470002345082/nbproject_build-impl.xml	556	551		jvmarg	jvmarg	0
/tmp/xml-file14846065470002345082/nbproject_build-impl.xml	477	474		sequential	sequential	0
/tmp/xml-file14846065470002345082/nbproject_build-impl.xml	458	451		sequential	sequential	0
/tmp/xml-file14846065470002345082/nbproject_build-impl.xml	157	152		attribute	attribute	0
/tmp/xml-file14846065470002345082/nbproject_build-impl.xml	246	244		property	property	0
/tmp/xml-file14846065470002345082/nbproject_build-impl.xml	899	897		touch	touch	0
/tmp/xml-file14846065470002345082/nbproject_build-impl.xml	516	513		contains	contains	0
/tmp/xml-file14846065470002345082/nbproject_build-impl.xml	554	551		redirector	redirector	0
/tmp/xml-file14846065470002345082/nbproject_build-impl.xml	693	1		target	target	0
/tmp/xml-file14846065470002345082/nbproject_build-impl.xml	297	296		condition	condition	0
/tmp/xml-file14846065470002345082/nbproject_build-impl.xml	495	1		target	target	0
/tmp/xml-file14846065470002345082/nbproject_build-impl.xml	231	230		files	files	0
/tmp/xml-file14846065470002345082/nbproject_build-impl.xml	655	653		touch	touch	0
/tmp/xml-file14846065470002345082/nbproject_build-impl.xml	913	912		not	not	0
/tmp/xml-file14846065470002345082/nbproject_build-impl.xml	381	379		junit	junit	0
/tmp/xml-file14846065470002345082/nbproject_build-impl.xml	283	281		mapper	mapper	0
/tmp/xml-file14846065470002345082/nbproject_build-impl.xml	454	451		attribute	attribute	0
/tmp/xml-file14846065470002345082/nbproject_build-impl.xml	20	19		property	property	0
/tmp/xml-file14846065470002345082/nbproject_build-impl.xml	528	525		element	element	0
/tmp/xml-file14846065470002345082/nbproject_build-impl.xml	604	1		target	target	0
/tmp/xml-file14846065470002345082/nbproject_build-impl.xml	852	1		target	target	0
/tmp/xml-file14846065470002345082/nbproject_build-impl.xml	778	777		startprofiler	startprofiler	0
/tmp/xml-file14846065470002345082/nbproject_build-impl.xml	175	168		compilerarg	compilerarg	0
/tmp/xml-file14846065470002345082/nbproject_build-impl.xml	471	469		attribute	attribute	0
/tmp/xml-file14846065470002345082/nbproject_build-impl.xml	567	564		sequential	sequential	0
/tmp/xml-file14846065470002345082/nbproject_build-impl.xml	324	319		element	element	0
/tmp/xml-file14846065470002345082/nbproject_build-impl.xml	79	19		property	property	0
/tmp/xml-file14846065470002345082/nbproject_build-impl.xml	237	236		istrue	istrue	0
/tmp/xml-file14846065470002345082/nbproject_build-impl.xml	856	854	http://www.netbeans.org/ns/j2se-project/3	test	j2seproject3:test	0
/tmp/xml-file14846065470002345082/nbproject_build-impl.xml	716	1		target	target	0
/tmp/xml-file14846065470002345082/nbproject_build-impl.xml	426	1		target	target	0
/tmp/xml-file14846065470002345082/nbproject_build-impl.xml	367	361		formatter	formatter	0
/tmp/xml-file14846065470002345082/nbproject_build-impl.xml	816	815		fileset	fileset	0
/tmp/xml-file14846065470002345082/nbproject_build-impl.xml	133	1		target	target	0
/tmp/xml-file14846065470002345082/nbproject_build-impl.xml	382	381		batchtest	batchtest	0
/tmp/xml-file14846065470002345082/nbproject_build-impl.xml	467	1		target	target	0
/tmp/xml-file14846065470002345082/nbproject_build-impl.xml	459	458	http://www.netbeans.org/ns/j2se-project/3	testng-debug-impl	j2seproject3:testng-debug-impl	0
/tmp/xml-file14846065470002345082/nbproject_build-impl.xml	115	19		property	property	0
/tmp/xml-file14846065470002345082/nbproject_build-impl.xml	343	339		attribute	attribute	0
/tmp/xml-file14846065470002345082/nbproject_build-impl.xml	419	418		customize	customize	0
/tmp/xml-file14846065470002345082/nbproject_build-impl.xml	830	828		copy	copy	0
/tmp/xml-file14846065470002345082/nbproject_build-impl.xml	308	303		customize	customize	0
/tmp/xml-file14846065470002345082/nbproject_build-impl.xml	172	168		classpath	classpath	0
/tmp/xml-file14846065470002345082/nbproject_build-impl.xml	293	290		attribute	attribute	0
/tmp/xml-file4231864959963931112/nbproject_project.xml	6	4	http://www.netbeans.org/ns/j2se-project/3	source-roots	source-roots	0
/tmp/xml-file14846065470002345082/nbproject_build-impl.xml	211	1		target	target	0
/tmp/xml-file14846065470002345082/nbproject_build-impl.xml	43	42		and	and	0
/tmp/xml-file14846065470002345082/nbproject_build-impl.xml	279	276		fileset	fileset	0
/tmp/xml-file14846065470002345082/nbproject_build-impl.xml	392	381		jvmarg	jvmarg	0
/tmp/xml-file14846065470002345082/nbproject_build-impl.xml	843	1		target	target	0
/tmp/xml-file14846065470002345082/nbproject_build-impl.xml	657	656		tempfile	tempfile	0
/tmp/xml-file14846065470002345082/nbproject_build-impl.xml	208	201		compilerarg	compilerarg	0
/tmp/xml-file14846065470002345082/nbproject_build-impl.xml	282	281		propertyref	propertyref	0
/tmp/xml-file14846065470002345082/nbproject_build-impl.xml	654	653		tempfile	tempfile	0
/tmp/xml-file14846065470002345082/nbproject_build-impl.xml	128	126		istrue	istrue	0
/tmp/xml-file14846065470002345082/nbproject_build-impl.xml	220	211		macrodef	macrodef	0
/tmp/xml-file14846065470002345082/nbproject_build-impl.xml	457	451		attribute	attribute	0
/tmp/xml-file14846065470002345082/nbproject_build-impl.xml	757	755		nbprofiledirect	nbprofiledirect	0
/tmp/xml-file14846065470002345082/nbproject_build-impl.xml	759	758		path	path	0
/tmp/xml-file14846065470002345082/nbproject_build-impl.xml	186	185		macrodef	macrodef	0
/tmp/xml-file14846065470002345082/nbproject_build-impl.xml	19	1		target	target	0
/tmp/xml-file14846065470002345082/nbproject_build-impl.xml	701	700		property	property	0
/tmp/xml-file14846065470002345082/nbproject_build-impl.xml	270	267		attribute	attribute	0
/tmp/xml-file14846065470002345082/nbproject_build-impl.xml	163	152		element	element	0
/tmp/xml-file14846065470002345082/nbproject_build-impl.xml	892	1		target	target	0
/tmp/xml-file14846065470002345082/nbproject_build-impl.xml	421	419		jvmarg	jvmarg	0
/tmp/xml-file14846065470002345082/nbproject_build-impl.xml	354	353		attribute	attribute	0
/tmp/xml-file14846065470002345082/nbproject_build-impl.xml	254	249		element	element	0
/tmp/xml-file14846065470002345082/nbproject_build-impl.xml	486	480		classpath	classpath	0
/tmp/xml-file14846065470002345082/nbproject_build-impl.xml	780	1		target	target	0
/tmp/xml-file14846065470002345082/nbproject_build-impl.xml	815	797		copy	copy	0
/tmp/xml-file14846065470002345082/nbproject_build-impl.xml	9	8		property	property	0
/tmp/xml-file14846065470002345082/nbproject_build-impl.xml	25	24		equals	equals	0
/tmp/xml-file14846065470002345082/nbproject_build-impl.xml	750	749		classpath	classpath	0
/tmp/xml-file14846065470002345082/nbproject_build-impl.xml	414	411		condition	condition	0
/tmp/xml-file14846065470002345082/nbproject_build-impl.xml	862	860		fail	fail	0
/tmp/xml-file14846065470002345082/nbproject_build-impl.xml	698	697		customize	customize	0
/tmp/xml-file14846065470002345082/nbproject_build-impl.xml	707	705	http://www.netbeans.org/ns/j2se-project/1	java	j2seproject1:java	0
/tmp/xml-file14846065470002345082/nbproject_build-impl.xml	546	545		attribute	attribute	0
/tmp/xml-file14846065470002345082/nbproject_build-impl.xml	524	1		target	target	0
/tmp/xml-file14846065470002345082/nbproject_build-impl.xml	159	152		attribute	attribute	0
/tmp/xml-file14846065470002345082/nbproject_build-impl.xml	647	1		target	target	0
/tmp/xml-file14846065470002345082/nbproject_build-impl.xml	837	835	http://www.netbeans.org/ns/j2se-project/3	force-recompile	j2seproject3:force-recompile	0
/tmp/xml-file14846065470002345082/nbproject_build-impl.xml	895	1		target	target	0
/tmp/xml-file17395390263064048850/build.xml	3	1		import	import	0
/tmp/xml-file14846065470002345082/nbproject_build-impl.xml	57	56		and	and	0
/tmp/xml-file14846065470002345082/nbproject_build-impl.xml	176	168		compilerarg	compilerarg	0
/tmp/xml-file14846065470002345082/nbproject_build-impl.xml	203	202		dirset	dirset	0
/tmp/xml-file14846065470002345082/nbproject_build-impl.xml	258	257		test	test	0
/tmp/xml-file14846065470002345082/nbproject_build-impl.xml	67	19		condition	condition	0
/tmp/xml-file14846065470002345082/nbproject_build-impl.xml	363	361		syspropertyset	syspropertyset	0
/tmp/xml-file14846065470002345082/nbproject_build-impl.xml	384	383		filename	filename	0
/tmp/xml-file14846065470002345082/nbproject_build-impl.xml	244	1		target	target	0
/tmp/xml-file14846065470002345082/nbproject_build-impl.xml	606	1		target	target	0
/tmp/xml-file14846065470002345082/nbproject_build-impl.xml	349	346		jvmarg	jvmarg	0
/tmp/xml-file14846065470002345082/nbproject_build-impl.xml	916	1		target	target	0
/tmp/xml-file14846065470002345082/nbproject_build-impl.xml	56	19		condition	condition	0
/tmp/xml-file14846065470002345082/nbproject_build-impl.xml	134	1		target	target	0
/tmp/xml-file14846065470002345082/nbproject_build-impl.xml	559	551		syspropertyset	syspropertyset	0
/tmp/xml-file14846065470002345082/nbproject_build-impl.xml	859	1		target	target	0
/tmp/xml-file14846065470002345082/nbproject_build-impl.xml	711	710	http://www.netbeans.org/ns/j2se-project/1	nbjpdastart	j2seproject1:nbjpdastart	0
/tmp/xml-file14846065470002345082/nbproject_build-impl.xml	277	276		fileset	fileset	0
/tmp/xml-file14846065470002345082/nbproject_build-impl.xml	814	806		arg	arg	0
/tmp/xml-file14846065470002345082/nbproject_build-impl.xml	808	807		path	path	0
/tmp/xml-file14846065470002345082/nbproject_build-impl.xml	413	412		isset	isset	0
/tmp/xml-file14846065470002345082/nbproject_build-impl.xml	252	249		attribute	attribute	0
/tmp/xml-file14846065470002345082/nbproject_build-impl.xml	493	492		fail	fail	0
/tmp/xml-file14846065470002345082/nbproject_build-impl.xml	68	67		or	or	0
/tmp/xml-file14846065470002345082/nbproject_build-impl.xml	217	216		depend	depend	0
/tmp/xml-file14846065470002345082/nbproject_build-impl.xml	400	397		attribute	attribute	0
/tmp/xml-file14846065470002345082/nbproject_build-impl.xml	146	145		macrodef	macrodef	0
/tmp/xml-file14846065470002345082/nbproject_build-impl.xml	909	1		target	target	0
/tmp/xml-file14846065470002345082/nbproject_build-impl.xml	765	760		classpath	classpath	0
/tmp/xml-file14846065470002345082/nbproject_build-impl.xml	431	427		sequential	sequential	0
/tmp/xml-file14846065470002345082/nbproject_build-impl.xml	811	806		fileset	fileset	0
/tmp/xml-file14846065470002345082/nbproject_build-impl.xml	464	1		target	target	0
/tmp/xml-file14846065470002345082/nbproject_build-impl.xml	417	411		mkdir	mkdir	0
/tmp/xml-file14846065470002345082/nbproject_build-impl.xml	300	299		fileset	fileset	0
/tmp/xml-file14846065470002345082/nbproject_build-impl.xml	299	296		union	union	0
/tmp/xml-file14846065470002345082/nbproject_build-impl.xml	145	1		target	target	0
/tmp/xml-file14846065470002345082/nbproject_build-impl.xml	66	65		available	available	0
/tmp/xml-file14846065470002345082/nbproject_build-impl.xml	169	168		src	src	0
/tmp/xml-file14846065470002345082/nbproject_build-impl.xml	713	712	http://www.netbeans.org/ns/j2se-project/3	debug	j2seproject3:debug	0
/tmp/xml-file14846065470002345082/nbproject_build-impl.xml	795	793		startprofiler	startprofiler	0
/tmp/xml-file14846065470002345082/nbproject_build-impl.xml	631	627	http://www.netbeans.org/ns/j2se-project/3	depend	j2seproject3:depend	0
/tmp/xml-file14846065470002345082/nbproject_build-impl.xml	192	186		attribute	attribute	0
/tmp/xml-file14846065470002345082/nbproject_build-impl.xml	582	580		manifest	manifest	0
/tmp/xml-file14846065470002345082/nbproject_build-impl.xml	376	373		attribute	attribute	0
/tmp/xml-file14846065470002345082/nbproject_build-impl.xml	72	71		isset	isset	0
/tmp/xml-file14846065470002345082/nbproject_build-impl.xml	561	559		mapper	mapper	0
/tmp/xml-file14846065470002345082/nbproject_build-impl.xml	127	126		istrue	istrue	0
/tmp/xml-file14846065470002345082/nbproject_build-impl.xml	737	736		classpath	classpath	0
/tmp/xml-file14846065470002345082/nbproject_build-impl.xml	181	168		compilerarg	compilerarg	0
/tmp/xml-file4231864959963931112/nbproject_project.xml	3	1	http://www.netbeans.org/ns/project/1	configuration	configuration	0
/tmp/xml-file14846065470002345082/nbproject_build-impl.xml	342	339		attribute	attribute	0
/tmp/xml-file14846065470002345082/nbproject_build-impl.xml	712	1		target	target	0
/tmp/xml-file14846065470002345082/nbproject_build-impl.xml	823	1		target	target	0
/tmp/xml-file14846065470002345082/nbproject_build-impl.xml	784	1		target	target	0
/tmp/xml-file14846065470002345082/nbproject_build-impl.xml	798	797		mkdir	mkdir	0
/tmp/xml-file14846065470002345082/nbproject_build-impl.xml	832	1		target	target	0
/tmp/xml-file14846065470002345082/nbproject_build-impl.xml	59	57		istrue	istrue	0
/tmp/xml-file14846065470002345082/nbproject_build-impl.xml	522	510		condition	condition	0
/tmp/xml-file14846065470002345082/nbproject_build-impl.xml	886	1		target	target	0
/tmp/xml-file14846065470002345082/nbproject_build-impl.xml	49	48		and	and	0
/tmp/xml-file14846065470002345082/nbproject_build-impl.xml	480	477		java	java	0
/tmp/xml-file14846065470002345082/nbproject_build-impl.xml	16	1		target	target	0
/tmp/xml-file14846065470002345082/nbproject_build-impl.xml	836	835		fail	fail	0
/tmp/xml-file14846065470002345082/nbproject_build-impl.xml	623	622		antcall	antcall	0
/tmp/xml-file14846065470002345082/nbproject_build-impl.xml	473	472		property	property	0
/tmp/xml-file14846065470002345082/nbproject_build-impl.xml	5	4		antversion	antversion	0
/tmp/xml-file14846065470002345082/nbproject_build-impl.xml	223	222		fail	fail	0
/tmp/xml-file14846065470002345082/nbproject_build-impl.xml	515	513		contains	contains	0
/tmp/xml-file14846065470002345082/nbproject_build-impl.xml	404	403	http://www.netbeans.org/ns/j2se-project/3	junit-debug	j2seproject3:junit-debug	0
/tmp/xml-file14846065470002345082/nbproject_build-impl.xml	469	468		macrodef	macrodef	0
/tmp/xml-file14846065470002345082/nbproject_build-impl.xml	140	134		fail	fail	0
/tmp/xml-file14846065470002345082/nbproject_build-impl.xml	76	75		isset	isset	0
/tmp/xml-file14846065470002345082/nbproject_build-impl.xml	725	724		fail	fail	0
/tmp/xml-file4231864959963931112/nbproject_project.xml	2	1	http://www.netbeans.org/ns/project/1	type	type	0
/tmp/xml-file14846065470002345082/nbproject_build-impl.xml	219	218		path	path	0
/tmp/xml-file14846065470002345082/nbproject_build-impl.xml	255	249		sequential	sequential	0
/tmp/xml-file14846065470002345082/nbproject_build-impl.xml	513	512		or	or	0
/tmp/xml-file14846065470002345082/nbproject_build-impl.xml	206	205		path	path	0
/tmp/xml-file14846065470002345082/nbproject_build-impl.xml	3	2		condition	condition	0
/tmp/xml-file14846065470002345082/nbproject_build-impl.xml	18	16		property	property	0
/tmp/xml-file14846065470002345082/nbproject_build-impl.xml	385	382		fileset	fileset	0
/tmp/xml-file14846065470002345082/nbproject_build-impl.xml	453	451		attribute	attribute	0
/tmp/xml-file14846065470002345082/nbproject_build-impl.xml	622	1		target	target	0
/tmp/xml-file14846065470002345082/nbproject_build-impl.xml	656	1		target	target	0
/tmp/xml-file14846065470002345082/nbproject_build-impl.xml	885	884		arg	arg	0
/tmp/xml-file14846065470002345082/nbproject_build-impl.xml	54	53		isset	isset	0
/tmp/xml-file14846065470002345082/nbproject_build-impl.xml	207	201		compilerarg	compilerarg	0
/tmp/xml-file14846065470002345082/nbproject_build-impl.xml	658	656		copy	copy	0
/tmp/xml-file14846065470002345082/nbproject_build-impl.xml	803	802		equals	equals	0
/tmp/xml-file14846065470002345082/nbproject_build-impl.xml	496	495		macrodef	macrodef	0
/tmp/xml-file14846065470002345082/nbproject_build-impl.xml	103	102		and	and	0
/tmp/xml-file14846065470002345082/nbproject_build-impl.xml	460	459		customize2	customize2	0
/tmp/xml-file14846065470002345082/nbproject_build-impl.xml	772	1		target	target	0
/tmp/xml-file14846065470002345082/nbproject_build-impl.xml	787	785		startprofiler	startprofiler	0
/tmp/xml-file14846065470002345082/nbproject_build-impl.xml	124	123		available	available	0
/tmp/xml-file14846065470002345082/nbproject_build-impl.xml	80	19		property	property	0
/tmp/xml-file14846065470002345082/nbproject_build-impl.xml	581	580		fileset	fileset	0
/tmp/xml-file14846065470002345082/nbproject_build-impl.xml	609	607		delete	delete	0
/tmp/xml-file14846065470002345082/nbproject_build-impl.xml	705	1		target	target	0
/tmp/xml-file14846065470002345082/nbproject_build-impl.xml	503	502		path	path	0
/tmp/xml-file14846065470002345082/nbproject_build-impl.xml	781	780		fail	fail	0
/tmp/xml-file14846065470002345082/nbproject_build-impl.xml	336	335	http://www.netbeans.org/ns/j2se-project/3	testng	j2seproject3:testng	0
/tmp/xml-file14846065470002345082/nbproject_build-impl.xml	152	151		macrodef	macrodef	0
/tmp/xml-file14846065470002345082/nbproject_build-impl.xml	90	19		condition	condition	0
/tmp/xml-file14846065470002345082/nbproject_build-impl.xml	573	572		path	path	0
/tmp/xml-file14846065470002345082/nbproject_build-impl.xml	265	257		customize	customize	0
/tmp/xml-file14846065470002345082/nbproject_build-impl.xml	423	419		arg	arg	0
/tmp/xml-file14846065470002345082/nbproject_build-impl.xml	688	1		target	target	0
/tmp/xml-file14846065470002345082/nbproject_build-impl.xml	624	1		target	target	0
/tmp/xml-file14846065470002345082/nbproject_build-impl.xml	695	1		target	target	0
/tmp/xml-file14846065470002345082/nbproject_build-impl.xml	499	496		attribute	attribute	0
/tmp/xml-file14846065470002345082/nbproject_build-impl.xml	225	224		path	path	0
/tmp/xml-file14846065470002345082/nbproject_build-impl.xml	461	460		syspropertyset	syspropertyset	0
/tmp/xml-file14846065470002345082/nbproject_build-impl.xml	536	530		jvmarg	jvmarg	0
/tmp/xml-file14846065470002345082/nbproject_build-impl.xml	702	1		target	target	0
/tmp/xml-file14846065470002345082/nbproject_build-impl.xml	222	220		sequential	sequential	0
/tmp/xml-file14846065470002345082/nbproject_build-impl.xml	197	186		element	element	0
/tmp/xml-file14846065470002345082/nbproject_build-impl.xml	243	241		isset	isset	0
/tmp/xml-file14846065470002345082/nbproject_build-impl.xml	681	680		path	path	0
/tmp/xml-file14846065470002345082/nbproject_build-impl.xml	309	1		target	target	0
/tmp/xml-file14846065470002345082/nbproject_build-impl.xml	63	61		istrue	istrue	0
/tmp/xml-file14846065470002345082/nbproject_build-impl.xml	165	164		property	property	0
/tmp/xml-file14846065470002345082/nbproject_build-impl.xml	484	480		env	env	0
/tmp/xml-file14846065470002345082/nbproject_build-impl.xml	227	224		globmapper	globmapper	0
/tmp/xml-file14846065470002345082/nbproject_build-impl.xml	429	427		attribute	attribute	0
/tmp/xml-file14846065470002345082/nbproject_build-impl.xml	156	152		attribute	attribute	0
/tmp/xml-file14846065470002345082/nbproject_build-impl.xml	242	241		istrue	istrue	0
/tmp/xml-file14846065470002345082/nbproject_build-impl.xml	256	255		property	property	0
/tmp/xml-file14846065470002345082/nbproject_build-impl.xml	393	381		jvmarg	jvmarg	0
/tmp/xml-file14846065470002345082/nbproject_build-impl.xml	553	551		jvmarg	jvmarg	0
/tmp/xml-file14846065470002345082/nbproject_build-impl.xml	643	1		target	target	0
/tmp/xml-file14846065470002345082/nbproject_build-impl.xml	167	164		mkdir	mkdir	0
/tmp/xml-file14846065470002345082/nbproject_build-impl.xml	410	407		element	element	0
/tmp/xml-file14846065470002345082/nbproject_build-impl.xml	362	361		test	test	0
/tmp/xml-file14846065470002345082/nbproject_build-impl.xml	775	774		contains	contains	0
/tmp/xml-file14846065470002345082/nbproject_build-impl.xml	229	222		echo	echo	0
/tmp/xml-file14846065470002345082/nbproject_build-impl.xml	571	569		map	map	0
/tmp/xml-file14846065470002345082/nbproject_build-impl.xml	706	705		fail	fail	0
/tmp/xml-file14846065470002345082/nbproject_build-impl.xml	723	1		target	target	0
/tmp/xml-file14846065470002345082/nbproject_build-impl.xml	850	1		target	target	0
/tmp/xml-file14846065470002345082/nbproject_build-impl.xml	494	492		fail	fail	0
/tmp/xml-file14846065470002345082/nbproject_build-impl.xml	641	1		target	target	0
/tmp/xml-file14846065470002345082/nbproject_build-impl.xml	788	785		antcall	antcall	0
/tmp/xml-file14846065470002345082/nbproject_build-impl.xml	153	152		attribute	attribute	0
/tmp/xml-file14846065470002345082/nbproject_build-impl.xml	284	275		formatter	formatter	0
/tmp/xml-file14846065470002345082/nbproject_build-impl.xml	379	373		sequential	sequential	0
/tmp/xml-file14846065470002345082/nbproject_build-impl.xml	420	419		customize2	customize2	0
/tmp/xml-file14846065470002345082/nbproject_build-impl.xml	40	39		istrue	istrue	0
/tmp/xml-file14846065470002345082/nbproject_build-impl.xml	263	257		formatter	formatter	0
/tmp/xml-file14846065470002345082/nbproject_build-impl.xml	143	134		fail	fail	0
/tmp/xml-file14846065470002345082/nbproject_build-impl.xml	23	22		and	and	0
/tmp/xml-file14846065470002345082/nbproject_build-impl.xml	288	1		target	target	0
/tmp/xml-file17395390263064048850/build.xml	2	1		description	description	0
/tmp/xml-file14846065470002345082/nbproject_build-impl.xml	639	638		fileset	fileset	0
/tmp/xml-file14846065470002345082/nbproject_build-impl.xml	520	510		condition	condition	0
/tmp/xml-file14846065470002345082/nbproject_build-impl.xml	139	134		fail	fail	0
/tmp/xml-file14846065470002345082/nbproject_build-impl.xml	84	83		istrue	istrue	0
/tmp/xml-file14846065470002345082/nbproject_build-impl.xml	894	892		delete	delete	0
/tmp/xml-file14846065470002345082/nbproject_build-impl.xml	766	765		path	path	0
/tmp/xml-file14846065470002345082/nbproject_build-impl.xml	325	319		sequential	sequential	0
/tmp/xml-file14846065470002345082/nbproject_build-impl.xml	330	329		attribute	attribute	0
/tmp/xml-file14846065470002345082/nbproject_build-impl.xml	96	19		property	property	0
/tmp/xml-file4231864959963931112/nbproject_project.xml	8	4	http://www.netbeans.org/ns/j2se-project/3	test-roots	test-roots	0
/tmp/xml-file14846065470002345082/nbproject_build-impl.xml	205	201		classpath	classpath	0
/tmp/xml-file14846065470002345082/nbproject_build-impl.xml	102	19		condition	condition	0
/tmp/xml-file14846065470002345082/nbproject_build-impl.xml	613	612		mkdir	mkdir	0
/tmp/xml-file14846065470002345082/nbproject_build-impl.xml	334	329		element	element	0
/tmp/xml-file14846065470002345082/nbproject_build-impl.xml	794	793		fail	fail	0
/tmp/xml-file14846065470002345082/nbproject_build-impl.xml	919	918		propertyref	propertyref	0
/tmp/xml-file14846065470002345082/nbproject_build-impl.xml	564	563		macrodef	macrodef	0
/tmp/xml-file14846065470002345082/nbproject_build-impl.xml	317	316		echo	echo	0
/tmp/xml-file14846065470002345082/nbproject_build-impl.xml	116	19		property	property	0
/tmp/xml-file14846065470002345082/nbproject_build-impl.xml	583	582		attribute	attribute	0
/tmp/xml-file14846065470002345082/nbproject_build-impl.xml	21	19		available	available	0
/tmp/xml-file14846065470002345082/nbproject_build-impl.xml	280	279		filename	filename	0
/tmp/xml-file4231864959963931112/nbproject_project.xml	7	6	http://www.netbeans.org/ns/j2se-project/3	root	root	0
/tmp/xml-file14846065470002345082/nbproject_build-impl.xml	721	720		fail	fail	0
/tmp/xml-file14846065470002345082/nbproject_build-impl.xml	198	186		sequential	sequential	0
/tmp/xml-file14846065470002345082/nbproject_build-impl.xml	427	426		macrodef	macrodef	0
/tmp/xml-file14846065470002345082/nbproject_build-impl.xml	651	649		mkdir	mkdir	0
/tmp/xml-file14846065470002345082/nbproject_build-impl.xml	758	757		classpath	classpath	0
/tmp/xml-file14846065470002345082/nbproject_build-impl.xml	338	1		target	target	0
/tmp/xml-file14846065470002345082/nbproject_build-impl.xml	677	676	http://www.netbeans.org/ns/j2se-project/1	jar	j2seproject1:jar	0
/tmp/xml-file14846065470002345082/nbproject_build-impl.xml	60	19		condition	condition	0
/tmp/xml-file14846065470002345082/nbproject_build-impl.xml	303	296		testng	testng	0
/tmp/xml-file14846065470002345082/nbproject_build-impl.xml	761	760		env	env	0
/tmp/xml-file14846065470002345082/nbproject_build-impl.xml	686	685		isset	isset	0
/tmp/xml-file14846065470002345082/nbproject_build-impl.xml	357	353		attribute	attribute	0
/tmp/xml-file14846065470002345082/nbproject_build-impl.xml	360	359		property	property	0
/tmp/xml-file14846065470002345082/nbproject_build-impl.xml	697	696	http://www.netbeans.org/ns/j2se-project/1	java	j2seproject1:java	0
/tmp/xml-file14846065470002345082/nbproject_build-impl.xml	75	74		and	and	0
/tmp/xml-file14846065470002345082/nbproject_build-impl.xml	204	203		include	include	0
/tmp/xml-file14846065470002345082/nbproject_build-impl.xml	718	717	http://www.netbeans.org/ns/j2se-project/1	nbjpdastart	j2seproject1:nbjpdastart	0
/tmp/xml-file14846065470002345082/nbproject_build-impl.xml	109	19		condition	condition	0
/tmp/xml-file14846065470002345082/nbproject_build-impl.xml	149	146		sequential	sequential	0
/tmp/xml-file14846065470002345082/nbproject_build-impl.xml	577	576		replacestring	replacestring	0
/tmp/xml-file14846065470002345082/nbproject_build-impl.xml	509	508		include	include	0
/tmp/xml-file14846065470002345082/nbproject_build-impl.xml	896	895		echo	echo	0
/tmp/xml-file14846065470002345082/nbproject_build-impl.xml	468	1		target	target	0
/tmp/xml-file14846065470002345082/nbproject_build-impl.xml	399	397		attribute	attribute	0
/tmp/xml-file14846065470002345082/nbproject_build-impl.xml	523	522		isset	isset	0
/tmp/xml-file14846065470002345082/nbproject_build-impl.xml	31	30		equals	equals	0
/tmp/xml-file14846065470002345082/nbproject_build-impl.xml	319	318		macrodef	macrodef	0
/tmp/xml-file14846065470002345082/nbproject_build-impl.xml	541	540		propertyref	propertyref	0
/tmp/xml-file14846065470002345082/nbproject_build-impl.xml	860	1		target	target	0
/tmp/xml-file14846065470002345082/nbproject_build-impl.xml	35	33		length	length	0
/tmp/xml-file14846065470002345082/nbproject_build-impl.xml	27	19		condition	condition	0
/tmp/xml-file14846065470002345082/nbproject_build-impl.xml	538	530		classpath	classpath	0
/tmp/xml-file14846065470002345082/nbproject_build-impl.xml	804	797		condition	condition	0
/tmp/xml-file14846065470002345082/nbproject_build-impl.xml	77	75		isfalse	isfalse	0
/tmp/xml-file14846065470002345082/nbproject_build-impl.xml	586	585		presetdef	presetdef	0
/tmp/xml-file14846065470002345082/nbproject_build-impl.xml	902	897		propertyfile	propertyfile	0
/tmp/xml-file14846065470002345082/nbproject_build-impl.xml	110	109		and	and	0
/tmp/xml-file14846065470002345082/nbproject_build-impl.xml	142	134		fail	fail	0
/tmp/xml-file14846065470002345082/nbproject_build-impl.xml	505	504		attribute	attribute	0
/tmp/xml-file14846065470002345082/nbproject_build-impl.xml	370	361		jvmarg	jvmarg	0
/tmp/xml-file14846065470002345082/nbproject_build-impl.xml	436	435		attribute	attribute	0
/tmp/xml-file14846065470002345082/nbproject_build-impl.xml	802	800		not	not	0
/tmp/xml-file14846065470002345082/nbproject_build-impl.xml	805	804		matches	matches	0
/tmp/xml-file14846065470002345082/nbproject_build-impl.xml	664	663		attribute	attribute	0
/tmp/xml-file14846065470002345082/nbproject_build-impl.xml	845	1		target	target	0
/tmp/xml-file14846065470002345082/nbproject_build-impl.xml	435	434		macrodef	macrodef	0
/tmp/xml-file14846065470002345082/nbproject_build-impl.xml	187	186		attribute	attribute	0
/tmp/xml-file14846065470002345082/nbproject_build-impl.xml	674	671		property	property	0
/tmp/xml-file14846065470002345082/nbproject_build-impl.xml	178	168		compilerarg	compilerarg	0
/tmp/xml-file14846065470002345082/nbproject_build-impl.xml	418	411	http://www.netbeans.org/ns/j2se-project/3	debug	j2seproject3:debug	0
/tmp/xml-file14846065470002345082/nbproject_build-impl.xml	625	624		mkdir	mkdir	0
/tmp/xml-file14846065470002345082/nbproject_build-impl.xml	873	870	http://www.netbeans.org/ns/j2se-project/3	test-debug	j2seproject3:test-debug	0
/tmp/xml-file14846065470002345082/nbproject_build-impl.xml	590	589		property	property	0
/tmp/xml-file14846065470002345082/nbproject_build-impl.xml	10	8		property	property	0
/tmp/xml-file14846065470002345082/nbproject_build-impl.xml	676	1		target	target	0
/tmp/xml-file14846065470002345082/nbproject_build-impl.xml	833	1		target	target	0
/tmp/xml-file14846065470002345082/nbproject_build-impl.xml	510	1		target	target	0
/tmp/xml-file14846065470002345082/nbproject_build-impl.xml	373	372		macrodef	macrodef	0
/tmp/xml-file14846065470002345082/nbproject_build-impl.xml	529	525		sequential	sequential	0
/tmp/xml-file14846065470002345082/nbproject_build-impl.xml	409	407		attribute	attribute	0
/tmp/xml-file14846065470002345082/nbproject_build-impl.xml	834	1		target	target	0
/tmp/xml-file14846065470002345082/nbproject_build-impl.xml	848	847		fail	fail	0
/tmp/xml-file14846065470002345082/nbproject_build-impl.xml	820	1		target	target	0
/tmp/xml-file14846065470002345082/nbproject_build-impl.xml	113	112		os	os	0
/tmp/xml-file14846065470002345082/nbproject_build-impl.xml	191	186		attribute	attribute	0
/tmp/xml-file14846065470002345082/nbproject_build-impl.xml	230	222		delete	delete	0
/tmp/xml-file14846065470002345082/nbproject_build-impl.xml	867	1		target	target	0
/tmp/xml-file4231864959963931112/nbproject_project.xml	9	8	http://www.netbeans.org/ns/j2se-project/3	root	root	0
/tmp/xml-file14846065470002345082/nbproject_build-impl.xml	383	382		fileset	fileset	0
/tmp/xml-file14846065470002345082/nbproject_build-impl.xml	743	740		nbprofiledirect	nbprofiledirect	0
/tmp/xml-file14846065470002345082/nbproject_build-impl.xml	770	760		formatter	formatter	0
/tmp/xml-file14846065470002345082/nbproject_build-impl.xml	752	747		profile	profile	0
/tmp/xml-file14846065470002345082/nbproject_build-impl.xml	557	551		classpath	classpath	0
/tmp/xml-file14846065470002345082/nbproject_build-impl.xml	114	19		property	property	0
/tmp/xml-file14846065470002345082/nbproject_build-impl.xml	438	435		attribute	attribute	0
/tmp/xml-file14846065470002345082/nbproject_build-impl.xml	444	443		customize	customize	0
/tmp/xml-file14846065470002345082/nbproject_build-impl.xml	644	643		fail	fail	0
/tmp/xml-file14846065470002345082/nbproject_build-impl.xml	105	103		not	not	0
/tmp/xml-file14846065470002345082/nbproject_build-impl.xml	728	1		target	target	0
/tmp/xml-file14846065470002345082/nbproject_build-impl.xml	585	1		target	target	0
/tmp/xml-file14846065470002345082/nbproject_build-impl.xml	660	659		manifest	manifest	0
/tmp/xml-file14846065470002345082/nbproject_build-impl.xml	597	596		not	not	0
/tmp/xml-file14846065470002345082/nbproject_build-impl.xml	828	1		target	target	0
/tmp/xml-file14846065470002345082/nbproject_build-impl.xml	883	881	http://www.netbeans.org/ns/j2se-project/1	java	j2seproject1:java	0
/tmp/xml-file14846065470002345082/nbproject_build-impl.xml	533	530		jvmarg	jvmarg	0
/tmp/xml-file14846065470002345082/nbproject_build-impl.xml	901	897		antcall	antcall	0
/tmp/xml-file14846065470002345082/nbproject_build-impl.xml	11	8		property	property	0
/tmp/xml-file14846065470002345082/nbproject_build-impl.xml	47	46		istrue	istrue	0
/tmp/xml-file14846065470002345082/nbproject_build-impl.xml	890	889		arg	arg	0
/tmp/xml-file14846065470002345082/nbproject_build-impl.xml	485	480		arg	arg	0
/tmp/xml-file14846065470002345082/nbproject_build-impl.xml	789	1		target	target	0
/tmp/xml-file14846065470002345082/nbproject_build-impl.xml	26	23		available	available	0
/tmp/xml-file14846065470002345082/nbproject_build-impl.xml	580	567		copylibs	copylibs	0
/tmp/xml-file14846065470002345082/nbproject_build-impl.xml	278	277		filename	filename	0
/tmp/xml-file14846065470002345082/nbproject_build-impl.xml	620	1		target	target	0
/tmp/xml-file14846065470002345082/nbproject_build-impl.xml	755	1		target	target	0
/tmp/xml-file14846065470002345082/nbproject_build-impl.xml	819	818		include	include	0
/tmp/xml-file14846065470002345082/nbproject_build-impl.xml	696	1		target	target	0
/tmp/xml-file14846065470002345082/nbproject_build-impl.xml	746	740		profile	profile	0
/tmp/xml-file14846065470002345082/nbproject_build-impl.xml	504	495		macrodef	macrodef	0
/tmp/xml-file14846065470002345082/nbproject_build-impl.xml	550	545		sequential	sequential	0
/tmp/xml-file14846065470002345082/nbproject_build-impl.xml	174	168		compilerarg	compilerarg	0
/tmp/xml-file14846065470002345082/nbproject_build-impl.xml	535	530		redirector	redirector	0
/tmp/xml-file14846065470002345082/nbproject_build-impl.xml	741	740		fail	fail	0
/tmp/xml-file14846065470002345082/nbproject_build-impl.xml	558	557		path	path	0
/tmp/xml-file14846065470002345082/nbproject_build-impl.xml	274	273		property	property	0
/tmp/xml-file14846065470002345082/nbproject_build-impl.xml	14	12		property	property	0
/tmp/xml-file14846065470002345082/nbproject_build-impl.xml	807	806		classpath	classpath	0
/tmp/xml-file14846065470002345082/nbproject_build-impl.xml	355	353		attribute	attribute	0
/tmp/xml-file14846065470002345082/nbproject_build-impl.xml	537	530		jvmarg	jvmarg	0
/tmp/xml-file14846065470002345082/nbproject_build-impl.xml	813	811		exclude	exclude	0
/tmp/xml-file4231864959963931112/nbproject_project.xml	4	3	http://www.netbeans.org/ns/j2se-project/3	data	data	0
/tmp/xml-file14846065470002345082/nbproject_build-impl.xml	512	510		condition	condition	0
/tmp/xml-file14846065470002345082/nbproject_build-impl.xml	311	310		attribute	attribute	0
/tmp/xml-file14846065470002345082/nbproject_build-impl.xml	608	607		property	property	0
/tmp/xml-file14846065470002345082/nbproject_build-impl.xml	884	883		customize	customize	0
/tmp/xml-file14846065470002345082/nbproject_build-impl.xml	547	545		attribute	attribute	0
/tmp/xml-file14846065470002345082/nbproject_build-impl.xml	801	800		isset	isset	0
/tmp/xml-file14846065470002345082/nbproject_build-impl.xml	617	612		propertyfile	propertyfile	0
/tmp/xml-file14846065470002345082/nbproject_build-impl.xml	448	444		jvmarg	jvmarg	0
/tmp/xml-file14846065470002345082/nbproject_build-impl.xml	155	152		attribute	attribute	0
/tmp/xml-file14846065470002345082/nbproject_build-impl.xml	407	406		macrodef	macrodef	0
/tmp/xml-file14846065470002345082/nbproject_build-impl.xml	534	530		jvmarg	jvmarg	0
/tmp/xml-file14846065470002345082/nbproject_build-impl.xml	147	146		attribute	attribute	0
/tmp/xml-file14846065470002345082/nbproject_build-impl.xml	508	507		fileset	fileset	0
/tmp/xml-file4231864959963931112/nbproject_project.xml	5	4	http://www.netbeans.org/ns/j2se-project/3	name	name	0
/tmp/xml-file14846065470002345082/nbproject_build-impl.xml	710	1		target	target	0
/tmp/xml-file14846065470002345082/nbproject_build-impl.xml	637	636		mkdir	mkdir	0
/tmp/xml-file14846065470002345082/nbproject_build-impl.xml	527	525		attribute	attribute	0
/tmp/xml-file14846065470002345082/nbproject_build-impl.xml	474	468		macrodef	macrodef	0
/tmp/xml-file14846065470002345082/nbproject_build-impl.xml	767	760		syspropertyset	syspropertyset	0
/tmp/xml-file14846065470002345082/nbproject_build-impl.xml	839	835		copy	copy	0
/tmp/xml-file14846065470002345082/nbproject_build-impl.xml	193	186		attribute	attribute	0
/tmp/xml-file14846065470002345082/nbproject_build-impl.xml	669	665		manifest	manifest	0
/tmp/xml-file14846065470002345082/nbproject_build-impl.xml	307	305		mapper	mapper	0
/tmp/xml-file14846065470002345082/nbproject_build-impl.xml	689	688		delete	delete	0
/tmp/xml-file14846065470002345082/nbproject_build-impl.xml	911	909		condition	condition	0
/tmp/xml-file14846065470002345082/nbproject_build-impl.xml	111	110		matches	matches	0
/tmp/xml-file14846065470002345082/nbproject_build-impl.xml	514	513		contains	contains	0
/tmp/xml-file14846065470002345082/nbproject_build-impl.xml	194	186		attribute	attribute	0
/tmp/xml-file17395390263064048850/build.xml	1	-1		project	project	0
/tmp/xml-file14846065470002345082/nbproject_build-impl.xml	879	878	http://www.netbeans.org/ns/j2se-project/1	nbjpdareload	j2seproject1:nbjpdareload	0
/tmp/xml-file14846065470002345082/nbproject_build-impl.xml	64	19		condition	condition	0
/tmp/xml-file14846065470002345082/nbproject_build-impl.xml	904	1		target	target	0
/tmp/xml-file14846065470002345082/nbproject_build-impl.xml	576	574		filtermapper	filtermapper	0
/tmp/xml-file14846065470002345082/nbproject_build-impl.xml	312	310		attribute	attribute	0
/tmp/xml-file14846065470002345082/nbproject_build-impl.xml	377	373		attribute	attribute	0
/tmp/xml-file14846065470002345082/nbproject_build-impl.xml	863	860	http://www.netbeans.org/ns/j2se-project/3	test	j2seproject3:test	0
/tmp/xml-file14846065470002345082/nbproject_build-impl.xml	182	168		compilerarg	compilerarg	0
/tmp/xml-file14846065470002345082/nbproject_build-impl.xml	65	64		or	or	0
/tmp/xml-file14846065470002345082/nbproject_build-impl.xml	95	19		property	property	0
/tmp/xml-file14846065470002345082/nbproject_build-impl.xml	195	186		attribute	attribute	0
/tmp/xml-file14846065470002345082/nbproject_build-impl.xml	132	131		istrue	istrue	0
/tmp/xml-file14846065470002345082/nbproject_build-impl.xml	861	860		fail	fail	0
/tmp/xml-file14846065470002345082/nbproject_build-impl.xml	171	170		include	include	0
/tmp/xml-file14846065470002345082/nbproject_build-impl.xml	378	373		element	element	0
/tmp/xml-file14846065470002345082/nbproject_build-impl.xml	858	857		fail	fail	0
/tmp/xml-file14846065470002345082/nbproject_build-impl.xml	882	881		fail	fail	0
/tmp/xml-file14846065470002345082/nbproject_build-impl.xml	646	643	http://www.netbeans.org/ns/j2se-project/3	javac	j2seproject3:javac	0
/tmp/xml-file14846065470002345082/nbproject_build-impl.xml	774	773		or	or	0
/tmp/xml-file14846065470002345082/nbproject_build-impl.xml	591	589		property	property	0
/tmp/xml-file14846065470002345082/nbproject_build-impl.xml	290	289		macrodef	macrodef	0
/tmp/xml-file14846065470002345082/nbproject_build-impl.xml	700	1		target	target	0
/tmp/xml-file14846065470002345082/nbproject_build-impl.xml	13	12		property	property	0
/tmp/xml-file14846065470002345082/nbproject_build-impl.xml	874	1		target	target	0
/tmp/xml-file14846065470002345082/nbproject_build-impl.xml	388	387		propertyref	propertyref	0
/tmp/xml-file14846065470002345082/nbproject_build-impl.xml	704	702	http://www.netbeans.org/ns/j2se-project/1	java	j2seproject1:java	0
/tmp/xml-file14846065470002345082/nbproject_build-impl.xml	136	134		fail	fail	0
/tmp/xml-file14846065470002345082/nbproject_build-impl.xml	818	815		fileset	fileset	0
/tmp/xml-file14846065470002345082/nbproject_build-impl.xml	812	811		include	include	0
/tmp/xml-file14846065470002345082/nbproject_build-impl.xml	543	530		customize	customize	0
/tmp/xml-file14846065470002345082/nbproject_build-impl.xml	271	267		attribute	attribute	0
/tmp/xml-file14846065470002345082/nbproject_build-impl.xml	846	845	http://www.netbeans.org/ns/j2se-project/3	test	j2seproject3:test	0
/tmp/xml-file14846065470002345082/nbproject_build-impl.xml	562	551		customize	customize	0
/tmp/xml-file14846065470002345082/nbproject_build-impl.xml	824	823		mkdir	mkdir	0
/tmp/xml-file14846065470002345082/nbproject_build-impl.xml	684	683		isset	isset	0
/tmp/xml-file14846065470002345082/nbproject_build-impl.xml	545	544		macrodef	macrodef	0
/tmp/xml-file14846065470002345082/nbproject_build-impl.xml	629	628		dirset	dirset	0
/tmp/xml-file14846065470002345082/nbproject_build-impl.xml	566	564		element	element	0
/tmp/xml-file14846065470002345082/nbproject_build-impl.xml	328	1		target	target	0
/tmp/xml-file14846065470002345082/nbproject_build-impl.xml	264	257		jvmarg	jvmarg	0
/tmp/xml-file14846065470002345082/nbproject_build-impl.xml	119	19		condition	condition	0
/tmp/xml-file14846065470002345082/nbproject_build-impl.xml	361	359		junit	junit	0
/tmp/xml-file14846065470002345082/nbproject_build-impl.xml	739	734		profile	profile	0
/tmp/xml-file14846065470002345082/nbproject_build-impl.xml	840	839		fileset	fileset	0
/tmp/xml-file14846065470002345082/nbproject_build-impl.xml	907	1		target	target	0
/tmp/xml-file14846065470002345082/nbproject_build-impl.xml	679	676		property	property	0
/tmp/xml-file14846065470002345082/nbproject_build-impl.xml	797	1		target	target	0
/tmp/xml-file14846065470002345082/nbproject_build-impl.xml	340	339		attribute	attribute	0
/tmp/xml-file14846065470002345082/nbproject_build-impl.xml	268	267		attribute	attribute	0
/tmp/xml-file14846065470002345082/nbproject_build-impl.xml	443	442	http://www.netbeans.org/ns/j2se-project/3	test-debug-impl	j2seproject3:test-debug-impl	0
/tmp/xml-file14846065470002345082/nbproject_build-impl.xml	519	518		istrue	istrue	0
/tmp/xml-file14846065470002345082/nbproject_build-impl.xml	472	469		sequential	sequential	0
/tmp/xml-file14846065470002345082/nbproject_build-impl.xml	347	346		classpath	classpath	0
/tmp/xml-file14846065470002345082/nbproject_build-impl.xml	107	19		condition	condition	0
/tmp/xml-file14846065470002345082/nbproject_build-impl.xml	415	414		matches	matches	0
/tmp/xml-file14846065470002345082/nbproject_build-impl.xml	751	750		path	path	0
/tmp/xml-file14846065470002345082/nbproject_build-impl.xml	341	339		attribute	attribute	0
/tmp/xml-file14846065470002345082/nbproject_build-impl.xml	601	600		isfalse	isfalse	0
/tmp/xml-file14846065470002345082/nbproject_build-impl.xml	786	785		fail	fail	0
/tmp/xml-file14846065470002345082/nbproject_build-impl.xml	321	319		attribute	attribute	0
/tmp/xml-file14846065470002345082/nbproject_build-impl.xml	37	19		condition	condition	0
/tmp/xml-file14846065470002345082/nbproject_build-impl.xml	281	275		syspropertyset	syspropertyset	0
/tmp/xml-file14846065470002345082/nbproject_build-impl.xml	670	669		attribute	attribute	0
/tmp/xml-file14846065470002345082/nbproject_build-impl.xml	821	820		nbbrowse	nbbrowse	0
/tmp/xml-file14846065470002345082/nbproject_build-impl.xml	593	589		property	property	0
/tmp/xml-file14846065470002345082/nbproject_build-impl.xml	238	236		not	not	0
/tmp/xml-file14846065470002345082/nbproject_build-impl.xml	596	589		condition	condition	0
/tmp/xml-file14846065470002345082/nbproject_build-impl.xml	662	1		target	target	0
/tmp/xml-file14846065470002345082/nbproject_build-impl.xml	168	164		javac	javac	0
/tmp/xml-file14846065470002345082/nbproject_build-impl.xml	387	381		syspropertyset	syspropertyset	0
/tmp/xml-file14846065470002345082/nbproject_build-impl.xml	398	397		attribute	attribute	0
/tmp/xml-file14846065470002345082/nbproject_build-impl.xml	266	1		target	target	0
/tmp/xml-file14846065470002345082/nbproject_build-impl.xml	402	397		element	element	0
/tmp/xml-file14846065470002345082/nbproject_build-impl.xml	628	627		pathconvert	pathconvert	0
/tmp/xml-file14846065470002345082/nbproject_build-impl.xml	635	634		fileset	fileset	0
/tmp/xml-file14846065470002345082/nbproject_build-impl.xml	665	1		target	target	0
/tmp/xml-file14846065470002345082/nbproject_build-impl.xml	408	407		attribute	attribute	0
/tmp/xml-file14846065470002345082/nbproject_build-impl.xml	240	234		condition	condition	0
/tmp/xml-file14846065470002345082/nbproject_build-impl.xml	501	500		nbjpdastart	nbjpdastart	0
/tmp/xml-file14846065470002345082/nbproject_build-impl.xml	58	57		isset	isset	0
/tmp/xml-file14846065470002345082/nbproject_build-impl.xml	456	451		attribute	attribute	0
/tmp/xml-file14846065470002345082/nbproject_build-impl.xml	482	480		jvmarg	jvmarg	0
/tmp/xml-file14846065470002345082/nbproject_build-impl.xml	93	91		not	not	0
/tmp/xml-file14846065470002345082/nbproject_build-impl.xml	34	33		isset	isset	0
/tmp/xml-file14846065470002345082/nbproject_build-impl.xml	416	411		delete	delete	0
/tmp/xml-file14846065470002345082/nbproject_build-impl.xml	130	129		istrue	istrue	0
/tmp/xml-file14846065470002345082/nbproject_build-impl.xml	318	1		target	target	0
/tmp/xml-file14846065470002345082/nbproject_build-impl.xml	492	1		target	target	0
/tmp/xml-file14846065470002345082/nbproject_build-impl.xml	619	1		target	target	0
/tmp/xml-file14846065470002345082/nbproject_build-impl.xml	626	1		target	target	0
/tmp/xml-file14846065470002345082/nbproject_build-impl.xml	724	1		target	target	0
/tmp/xml-file14846065470002345082/nbproject_build-impl.xml	769	767		mapper	mapper	0
/tmp/xml-file14846065470002345082/nbproject_build-impl.xml	173	172		path	path	0
/tmp/xml-file14846065470002345082/nbproject_build-impl.xml	292	290		attribute	attribute	0
/tmp/xml-file14846065470002345082/nbproject_build-impl.xml	316	310		sequential	sequential	0
/tmp/xml-file14846065470002345082/nbproject_build-impl.xml	479	477		resolve	resolve	0
/tmp/xml-file14846065470002345082/nbproject_build-impl.xml	915	912		available	available	0
/tmp/xml-file14846065470002345082/nbproject_build-impl.xml	825	1		target	target	0
/tmp/xml-file14846065470002345082/nbproject_build-impl.xml	332	329		attribute	attribute	0
/tmp/xml-file14846065470002345082/nbproject_build-impl.xml	864	1		target	target	0
/tmp/xml-file14846065470002345082/nbproject_build-impl.xml	224	222		pathconvert	pathconvert	0
/tmp/xml-file14846065470002345082/nbproject_build-impl.xml	374	373		attribute	attribute	0
/tmp/xml-file14846065470002345082/nbproject_build-impl.xml	649	1		target	target	0
/tmp/xml-file14846065470002345082/nbproject_build-impl.xml	678	676		property	property	0
/tmp/xml-file14846065470002345082/nbproject_build-impl.xml	791	789		startprofiler	startprofiler	0
/tmp/xml-file14846065470002345082/nbproject_build-impl.xml	849	1		target	target	0
/tmp/xml-file14846065470002345082/nbproject_build-impl.xml	344	339		sequential	sequential	0
/tmp/xml-file14846065470002345082/nbproject_build-impl.xml	315	310		element	element	0
/tmp/xml-file14846065470002345082/nbproject_build-impl.xml	502	501		classpath	classpath	0
/tmp/xml-file14846065470002345082/nbproject_build-impl.xml	600	599		condition	condition	0
/tmp/xml-file14846065470002345082/nbproject_build-impl.xml	785	1		target	target	0
/tmp/xml-file14846065470002345082/nbproject_build-impl.xml	594	589		property	property	0
/tmp/xml-file14846065470002345082/nbproject_build-impl.xml	633	632	http://www.netbeans.org/ns/j2se-project/3	javac	j2seproject3:javac	0
/tmp/xml-file14846065470002345082/nbproject_build-impl.xml	239	238		isset	isset	0
/tmp/xml-file14846065470002345082/nbproject_build-impl.xml	269	267		attribute	attribute	0
/tmp/xml-file14846065470002345082/nbproject_build-impl.xml	144	134		fail	fail	0
/tmp/xml-file14846065470002345082/nbproject_build-impl.xml	844	843		mkdir	mkdir	0
/tmp/xml-file14846065470002345082/nbproject_build-impl.xml	166	164		mkdir	mkdir	0
/tmp/xml-file14846065470002345082/nbproject_build-impl.xml	210	201		customize	customize	0
/tmp/xml-file14846065470002345082/nbproject_build-impl.xml	672	671	http://www.netbeans.org/ns/j2se-project/3	copylibs	j2seproject3:copylibs	0
/tmp/xml-file14846065470002345082/nbproject_build-impl.xml	715	714		arg	arg	0
/tmp/xml-file14846065470002345082/nbproject_build-impl.xml	869	867	http://www.netbeans.org/ns/j2se-project/3	test-debug	j2seproject3:test-debug	0
/tmp/xml-file14846065470002345082/nbproject_build-impl.xml	720	1		target	target	0
/tmp/xml-file14846065470002345082/nbproject_build-impl.xml	574	572		chainedmapper	chainedmapper	0
/tmp/xml-file14846065470002345082/nbproject_build-impl.xml	313	310		attribute	attribute	0
/tmp/xml-file14846065470002345082/nbproject_build-impl.xml	722	720	http://www.netbeans.org/ns/j2se-project/3	debug	j2seproject3:debug	0
/tmp/xml-file14846065470002345082/nbproject_build-impl.xml	671	1		target	target	0
/tmp/xml-file14846065470002345082/nbproject_build-impl.xml	642	1		target	target	0
/tmp/xml-file14846065470002345082/nbproject_build-impl.xml	451	450		macrodef	macrodef	0
/tmp/xml-file14846065470002345082/nbproject_build-impl.xml	117	19		property	property	0
/tmp/xml-file14846065470002345082/nbproject_build-impl.xml	692	1		target	target	0
/tmp/xml-file14846065470002345082/nbproject_build-impl.xml	422	419		arg	arg	0
/tmp/xml-file14846065470002345082/nbproject_build-impl.xml	100	99		istrue	istrue	0
/tmp/xml-file14846065470002345082/nbproject_build-impl.xml	521	520		os	os	0
/tmp/xml-file14846065470002345082/nbproject_build-impl.xml	131	19		condition	condition	0
/tmp/xml-file14846065470002345082/nbproject_build-impl.xml	177	168		compilerarg	compilerarg	0
/tmp/xml-file14846065470002345082/nbproject_build-impl.xml	691	1		target	target	0
/tmp/xml-file14846065470002345082/nbproject_build-impl.xml	793	1		target	target	0
/tmp/xml-file14846065470002345082/nbproject_build-impl.xml	488	480		syspropertyset	syspropertyset	0
/tmp/xml-file14846065470002345082/nbproject_build-impl.xml	900	897		property	property	0
/tmp/xml-file14846065470002345082/nbproject_build-impl.xml	876	1		target	target	0
/tmp/xml-file14846065470002345082/nbproject_build-impl.xml	51	49		istrue	istrue	0
/tmp/xml-file14846065470002345082/nbproject_build-impl.xml	616	612		antcall	antcall	0
/tmp/xml-file14846065470002345082/nbproject_build-impl.xml	799	797		condition	condition	0
/tmp/xml-file14846065470002345082/nbproject_build-impl.xml	97	19		property	property	0
/tmp/xml-file14846065470002345082/nbproject_build-impl.xml	48	19		condition	condition	0
/tmp/xml-file14846065470002345082/nbproject_build-impl.xml	346	345		customize	customize	0
/tmp/xml-file14846065470002345082/nbproject_build-impl.xml	570	569		path	path	0
/tmp/xml-file14846065470002345082/nbproject_build-impl.xml	598	597		matches	matches	0
/tmp/xml-file14846065470002345082/nbproject_build-impl.xml	744	743		classpath	classpath	0
/tmp/xml-file14846065470002345082/nbproject_build-impl.xml	773	772		condition	condition	0
/tmp/xml-file14846065470002345082/nbproject_build-impl.xml	331	329		attribute	attribute	0
/tmp/xml-file14846065470002345082/nbproject_build-impl.xml	33	32		and	and	0
/tmp/xml-file14846065470002345082/nbproject_build-impl.xml	441	435		attribute	attribute	0
/tmp/xml-file14846065470002345082/nbproject_build-impl.xml	572	567		pathconvert	pathconvert	0
/tmp/xml-file14846065470002345082/nbproject_build-impl.xml	462	461		propertyref	propertyref	0
/tmp/xml-file14846065470002345082/nbproject_build-impl.xml	575	574		flattenmapper	flattenmapper	0
/tmp/xml-file14846065470002345082/nbproject_build-impl.xml	251	249		attribute	attribute	0
/tmp/xml-file14846065470002345082/nbproject_build-impl.xml	463	461		mapper	mapper	0
/tmp/xml-file14846065470002345082/nbproject_build-impl.xml	221	220		attribute	attribute	0
/tmp/xml-file14846065470002345082/nbproject_build-impl.xml	648	1		target	target	0
/tmp/xml-file14846065470002345082/nbproject_build-impl.xml	22	19		condition	condition	0
/tmp/xml-file14846065470002345082/nbproject_build-impl.xml	52	19		condition	condition	0
/tmp/xml-file14846065470002345082/nbproject_build-impl.xml	61	60		and	and	0
/tmp/xml-file14846065470002345082/nbproject_build-impl.xml	345	344	http://www.netbeans.org/ns/j2se-project/3	test-impl	j2seproject3:test-impl	0
/tmp/xml-file14846065470002345082/nbproject_build-impl.xml	748	747		fail	fail	0
/tmp/xml-file14846065470002345082/nbproject_build-impl.xml	893	892		property	property	0
/tmp/xml-file14846065470002345082/nbproject_build-impl.xml	179	168		compilerarg	compilerarg	0
/tmp/xml-file14846065470002345082/nbproject_build-impl.xml	138	134		fail	fail	0
/tmp/xml-file14846065470002345082/nbproject_build-impl.xml	89	19		property	property	0
/tmp/xml-file14846065470002345082/nbproject_build-impl.xml	394	381		jvmarg	jvmarg	0
/tmp/xml-file14846065470002345082/nbproject_build-impl.xml	236	235		and	and	0
/tmp/xml-file14846065470002345082/nbproject_build-impl.xml	602	599		condition	condition	0
/tmp/xml-file14846065470002345082/nbproject_build-impl.xml	857	1		target	target	0
/tmp/xml-file14846065470002345082/nbproject_build-impl.xml	730	728		property	property	0
/tmp/xml-file14846065470002345082/nbproject_build-impl.xml	756	755		fail	fail	0
/tmp/xml-file14846065470002345082/nbproject_build-impl.xml	39	38		not	not	0
/tmp/xml-file14846065470002345082/nbproject_build-impl.xml	8	1		target	target	0
/tmp/xml-file14846065470002345082/nbproject_build-impl.xml	560	559		propertyref	propertyref	0
/tmp/xml-file14846065470002345082/nbproject_build-impl.xml	276	275		batchtest	batchtest	0
/tmp/xml-file14846065470002345082/nbproject_build-impl.xml	201	198		javac	javac	0
/tmp/xml-file14846065470002345082/nbproject_build-impl.xml	498	496		attribute	attribute	0
/tmp/xml-file14846065470002345082/nbproject_build-impl.xml	568	567		property	property	0
/tmp/xml-file14846065470002345082/nbproject_build-impl.xml	539	538		path	path	0
/tmp/xml-file14846065470002345082/nbproject_build-impl.xml	449	444		jvmarg	jvmarg	0
/tmp/xml-file14846065470002345082/nbproject_build-impl.xml	7	1		target	target	0
/tmp/xml-file14846065470002345082/nbproject_build-impl.xml	636	1		target	target	0
/tmp/xml-file14846065470002345082/nbproject_build-impl.xml	667	665		mkdir	mkdir	0
/tmp/xml-file14846065470002345082/nbproject_build-impl.xml	209	201		compilerarg	compilerarg	0
/tmp/xml-file14846065470002345082/nbproject_build-impl.xml	870	1		target	target	0
/tmp/xml-file14846065470002345082/nbproject_build-impl.xml	249	248		macrodef	macrodef	0
/tmp/xml-file14846065470002345082/nbproject_build-impl.xml	841	1		target	target	0
/tmp/xml-file14846065470002345082/nbproject_build-impl.xml	826	1		target	target	0
/tmp/xml-file14846065470002345082/nbproject_build-impl.xml	245	244		property	property	0
/tmp/xml-file14846065470002345082/nbproject_build-impl.xml	82	19		condition	condition	0
/tmp/xml-file14846065470002345082/nbproject_build-impl.xml	148	146		attribute	attribute	0
/tmp/xml-file14846065470002345082/nbproject_build-impl.xml	632	1		target	target	0
/tmp/xml-file14846065470002345082/nbproject_build-impl.xml	540	530		syspropertyset	syspropertyset	0
/tmp/xml-file14846065470002345082/nbproject_build-impl.xml	430	427		element	element	0
/tmp/xml-file14846065470002345082/nbproject_build-impl.xml	544	1		target	target	0
/tmp/xml-file14846065470002345082/nbproject_build-impl.xml	41	38		istrue	istrue	0
/tmp/xml-file14846065470002345082/nbproject_build-impl.xml	630	629		include	include	0
/tmp/xml-file14846065470002345082/nbproject_build-impl.xml	397	396		macrodef	macrodef	0
/tmp/xml-file14846065470002345082/nbproject_build-impl.xml	106	105		equals	equals	0
/tmp/xml-file14846065470002345082/nbproject_build-impl.xml	868	867		fail	fail	0
/tmp/xml-file14846065470002345082/nbproject_build-impl.xml	694	1		target	target	0
/tmp/xml-file14846065470002345082/nbproject_build-impl.xml	38	37		or	or	0
/tmp/xml-file14846065470002345082/nbproject_build-impl.xml	196	186		attribute	attribute	0
/tmp/xml-file14846065470002345082/nbproject_build-impl.xml	760	755		junit	junit	0
/tmp/xml-file14846065470002345082/nbproject_build-impl.xml	578	574		globmapper	globmapper	0
/tmp/xml-file14846065470002345082/nbproject_build-impl.xml	369	361		jvmarg	jvmarg	0
/tmp/xml-file14846065470002345082/nbproject_build-impl.xml	542	540		mapper	mapper	0
/tmp/xml-file14846065470002345082/nbproject_build-impl.xml	659	1		target	target	0
/tmp/xml-file14846065470002345082/nbproject_build-impl.xml	233	232		fileset	fileset	0
/tmp/xml-file14846065470002345082/nbproject_build-impl.xml	898	897		mkdir	mkdir	0
/tmp/xml-file14846065470002345082/nbproject_build-impl.xml	668	665		copy	copy	0
/tmp/xml-file14846065470002345082/nbproject_build-impl.xml	432	431	http://www.netbeans.org/ns/j2se-project/3	testng-debug	j2seproject3:testng-debug	0
/tmp/xml-file14846065470002345082/nbproject_build-impl.xml	682	680		map	map	0
/tmp/xml-file14846065470002345082/nbproject_build-impl.xml	822	1		target	target	0
/tmp/xml-file14846065470002345082/nbproject_build-impl.xml	428	427		attribute	attribute	0
/tmp/xml-file14846065470002345082/nbproject_build-impl.xml	753	752		customize	customize	0
/tmp/xml-file14846065470002345082/nbproject_build-impl.xml	250	249		attribute	attribute	0
/tmp/xml-file14846065470002345082/nbproject_build-impl.xml	908	1		target	target	0
/tmp/xml-file14846065470002345082/nbproject_build-impl.xml	618	617		entry	entry	0
/tmp/xml-file14846065470002345082/nbproject_build-impl.xml	235	234		condition	condition	0
/tmp/xml-file14846065470002345082/nbproject_build-impl.xml	685	676		condition	condition	0
/tmp/xml-file14846065470002345082/nbproject_build-impl.xml	257	255		junit	junit	0
/tmp/xml-file14846065470002345082/nbproject_build-impl.xml	749	747		nbprofiledirect	nbprofiledirect	0
/tmp/xml-file14846065470002345082/nbproject_build-impl.xml	120	119		or	or	0
/tmp/xml-file14846065470002345082/nbproject_build-impl.xml	440	435		attribute	attribute	0
/tmp/xml-file14846065470002345082/nbproject_build-impl.xml	854	1		target	target	0
/tmp/xml-file14846065470002345082/nbproject_build-impl.xml	386	385		filename	filename	0
/tmp/xml-file14846065470002345082/nbproject_build-impl.xml	241	240		and	and	0
/tmp/xml-file14846065470002345082/nbproject_build-impl.xml	289	1		target	target	0
/tmp/xml-file14846065470002345082/nbproject_build-impl.xml	587	586		jar	jar	0
/tmp/xml-file14846065470002345082/nbproject_build-impl.xml	184	168		customize	customize	0
/tmp/xml-file14846065470002345082/nbproject_build-impl.xml	465	1		target	target	0
/tmp/xml-file14846065470002345082/nbproject_build-impl.xml	640	1		target	target	0
/tmp/xml-file14846065470002345082/nbproject_build-impl.xml	215	212		attribute	attribute	0
/tmp/xml-file14846065470002345082/nbproject_build-impl.xml	314	310		attribute	attribute	0
/tmp/xml-file14846065470002345082/nbproject_build-impl.xml	906	904		delete	delete	0
/tmp/xml-file14846065470002345082/nbproject_build-impl.xml	490	488		mapper	mapper	0
/tmp/xml-file14846065470002345082/nbproject_build-impl.xml	50	49		isset	isset	0
/tmp/xml-file14846065470002345082/nbproject_build-impl.xml	286	275		jvmarg	jvmarg	0
/tmp/xml-file14846065470002345082/nbproject_build-impl.xml	351	346		jvmarg	jvmarg	0
/tmp/xml-file14846065470002345082/nbproject_build-impl.xml	555	551		jvmarg	jvmarg	0
/tmp/xml-file14846065470002345082/nbproject_build-impl.xml	764	760		test	test	0
/tmp/xml-file14846065470002345082/nbproject_build-impl.xml	680	676		pathconvert	pathconvert	0
/tmp/xml-file14846065470002345082/nbproject_build-impl.xml	125	19		condition	condition	0
/tmp/xml-file14846065470002345082/nbproject_build-impl.xml	709	708	http://www.netbeans.org/ns/j2se-project/1	nbjpdastart	j2seproject1:nbjpdastart	0
/tmp/xml-file14846065470002345082/nbproject_build-impl.xml	29	28		isset	isset	0
/tmp/xml-file14846065470002345082/nbproject_build-impl.xml	327	326		customize	customize	0
/tmp/xml-file14846065470002345082/nbproject_build-impl.xml	71	70		and	and	0
/tmp/xml-file14846065470002345082/nbproject_build-impl.xml	154	152		attribute	attribute	0
/tmp/xml-file14846065470002345082/nbproject_build-impl.xml	584	582		customize	customize	0
/tmp/xml-file14846065470002345082/nbproject_build-impl.xml	903	902		entry	entry	0
/tmp/xml-file14846065470002345082/nbproject_build-impl.xml	405	404		customize	customize	0
/tmp/xml-file14846065470002345082/nbproject_build-impl.xml	917	916		ant	ant	0
/tmp/xml-file14846065470002345082/nbproject_build-impl.xml	497	496		attribute	attribute	0
/tmp/xml-file14846065470002345082/nbproject_build-impl.xml	905	904		delete	delete	0
/tmp/xml-file14846065470002345082/nbproject_build-impl.xml	353	352		macrodef	macrodef	0
/tmp/xml-file14846065470002345082/nbproject_build-impl.xml	827	826	http://www.netbeans.org/ns/j2se-project/3	depend	j2seproject3:depend	0
/tmp/xml-file14846065470002345082/nbproject_build-impl.xml	411	407		sequential	sequential	0
/tmp/xml-file14846065470002345082/nbproject_build-impl.xml	777	1		target	target	0
/tmp/xml-file14846065470002345082/nbproject_build-impl.xml	305	303		propertyset	propertyset	0
/tmp/xml-file14846065470002345082/nbproject_build-impl.xml	569	567		pathconvert	pathconvert	0
/tmp/xml-file14846065470002345082/nbproject_build-impl.xml	141	134		fail	fail	0
/tmp/xml-file14846065470002345082/nbproject_build-impl.xml	851	1		target	target	0
/tmp/xml-file14846065470002345082/nbproject_build-impl.xml	329	328		macrodef	macrodef	0
/tmp/xml-file14846065470002345082/nbproject_build-impl.xml	188	186		attribute	attribute	0
/tmp/xml-file14846065470002345082/nbproject_build-impl.xml	552	551		jvmarg	jvmarg	0
/tmp/xml-file14846065470002345082/nbproject_build-impl.xml	310	309		macrodef	macrodef	0
/tmp/xml-file14846065470002345082/nbproject_build-impl.xml	395	381		customize	customize	0
/tmp/xml-file14846065470002345082/nbproject_build-impl.xml	248	1		target	target	0
/tmp/xml-file14846065470002345082/nbproject_build-impl.xml	433	432		customize2	customize2	0
/tmp/xml-file14846065470002345082/nbproject_build-impl.xml	548	545		attribute	attribute	0
/tmp/xml-file14846065470002345082/nbproject_build-impl.xml	614	612		touch	touch	0
/tmp/xml-file14846065470002345082/nbproject_build-impl.xml	2	1		fail	fail	0
/tmp/xml-file14846065470002345082/nbproject_build-impl.xml	55	53		istrue	istrue	0
/tmp/xml-file14846065470002345082/nbproject_build-impl.xml	881	1		target	target	0
/tmp/xml-file14846065470002345082/nbproject_build-impl.xml	661	660		attribute	attribute	0
/tmp/xml-file14846065470002345082/nbproject_build-impl.xml	259	257		syspropertyset	syspropertyset	0
/tmp/xml-file14846065470002345082/nbproject_build-impl.xml	887	886		fail	fail	0
/tmp/xml-file14846065470002345082/nbproject_build-impl.xml	912	911		and	and	0
/tmp/xml-file14846065470002345082/nbproject_build-impl.xml	348	347		path	path	0
/tmp/xml-file14846065470002345082/nbproject_build-impl.xml	70	19		condition	condition	0
/tmp/xml-file14846065470002345082/nbproject_build-impl.xml	200	198		mkdir	mkdir	0
/tmp/xml-file14846065470002345082/nbproject_build-impl.xml	94	93		equals	equals	0
/tmp/xml-file14846065470002345082/nbproject_build-impl.xml	455	451		attribute	attribute	0
/tmp/xml-file14846065470002345082/nbproject_build-impl.xml	216	212		sequential	sequential	0
/tmp/xml-file14846065470002345082/nbproject_build-impl.xml	897	1		target	target	0
/tmp/xml-file14846065470002345082/nbproject_build-impl.xml	372	1		target	target	0
/tmp/xml-file14846065470002345082/nbproject_build-impl.xml	763	760		jvmarg	jvmarg	0
/tmp/xml-file14846065470002345082/nbproject_build-impl.xml	483	480		jvmarg	jvmarg	0
/tmp/xml-file14846065470002345082/nbproject_build-impl.xml	742	740		fail	fail	0
/tmp/xml-file14846065470002345082/nbproject_build-impl.xml	247	244		property	property	0
/tmp/xml-file14846065470002345082/nbproject_build-impl.xml	771	760		formatter	formatter	0
/tmp/xml-file14846065470002345082/nbproject_build-impl.xml	78	19		property	property	0
/tmp/xml-file14846065470002345082/nbproject_build-impl.xml	506	504		sequential	sequential	0
/tmp/xml-file14846065470002345082/nbproject_build-impl.xml	121	120		available	available	0
/tmp/xml-file14846065470002345082/nbproject_build-impl.xml	817	816		filename	filename	0
/tmp/xml-file14846065470002345082/nbproject_build-impl.xml	212	211		macrodef	macrodef	0
/tmp/xml-file14846065470002345082/nbproject_build-impl.xml	888	886	http://www.netbeans.org/ns/j2se-project/3	debug	j2seproject3:debug	0
/tmp/xml-file14846065470002345082/nbproject_build-impl.xml	666	665		basename	basename	0
/tmp/xml-file14846065470002345082/nbproject_build-impl.xml	910	909		property	property	0
/tmp/xml-file14846065470002345082/nbproject_build-impl.xml	396	1		target	target	0
/tmp/xml-file14846065470002345082/nbproject_build-impl.xml	627	1		target	target	0
/tmp/xml-file14846065470002345082/nbproject_build-impl.xml	605	604		property	property	0
/tmp/xml-file14846065470002345082/nbproject_build-impl.xml	920	918		mapper	mapper	0
/tmp/xml-file14846065470002345082/nbproject_build-impl.xml	180	168		compilerarg	compilerarg	0
/tmp/xml-file14846065470002345082/nbproject_build-impl.xml	914	913		isset	isset	0
/tmp/xml-file14846065470002345082/nbproject_build-impl.xml	683	676		condition	condition	0
/tmp/xml-file14846065470002345082/nbproject_build-impl.xml	390	381		formatter	formatter	0
/tmp/xml-file14846065470002345082/nbproject_build-impl.xml	650	649		dirname	dirname	0
/tmp/xml-file14846065470002345082/nbproject_build-impl.xml	726	724	http://www.netbeans.org/ns/j2se-project/3	debug	j2seproject3:debug	0
/tmp/xml-file14846065470002345082/nbproject_build-impl.xml	525	524		macrodef	macrodef	0
/tmp/xml-file14846065470002345082/nbproject_build-impl.xml	738	737		path	path	0
/tmp/xml-file14846065470002345082/nbproject_build-impl.xml	871	870		fail	fail	0
/tmp/xml-file14846065470002345082/nbproject_build-impl.xml	253	249		attribute	attribute	0
/tmp/xml-file14846065470002345082/nbproject_build-impl.xml	123	19		condition	condition	0
/tmp/xml-file14846065470002345082/nbproject_build-impl.xml	727	1		target	target	0
/tmp/xml-file14846065470002345082/nbproject_build-impl.xml	135	134		fail	fail	0
/tmp/xml-file14846065470002345082/nbproject_build-impl.xml	335	329		sequential	sequential	0
/tmp/xml-file14846065470002345082/nbproject_build-impl.xml	350	346		jvmarg	jvmarg	0
/tmp/xml-file14846065470002345082/nbproject_build-impl.xml	551	550		java	java	0
/tmp/xml-file14846065470002345082/nbproject_build-impl.xml	32	19		condition	condition	0
/tmp/xml-file14846065470002345082/nbproject_build-impl.xml	719	1		target	target	0
/tmp/xml-file14846065470002345082/nbproject_build-impl.xml	699	698		arg	arg	0
/tmp/xml-file14846065470002345082/nbproject_build-impl.xml	565	564		attribute	attribute	0
/tmp/xml-file14846065470002345082/nbproject_build-impl.xml	611	610		echo	echo	0
/tmp/xml-file14846065470002345082/nbproject_build-impl.xml	518	510		condition	condition	0
/tmp/xml-file14846065470002345082/nbproject_build-impl.xml	234	1		target	target	0
/tmp/xml-file14846065470002345082/nbproject_build-impl.xml	740	1		target	target	0
/tmp/xml-file14846065470002345082/nbproject_build-impl.xml	364	363		propertyref	propertyref	0
/tmp/xml-file14846065470002345082/nbproject_build-impl.xml	337	336		customize	customize	0
/tmp/xml-file14846065470002345082/nbproject_build-impl.xml	615	612		property	property	0
/tmp/xml-file14846065470002345082/nbproject_build-impl.xml	62	61		isset	isset	0
/tmp/xml-file14846065470002345082/nbproject_build-impl.xml	790	789		fail	fail	0
/tmp/xml-file14846065470002345082/nbproject_build-impl.xml	891	1		target	target	0
/tmp/xml-file14846065470002345082/nbproject_build-impl.xml	162	152		attribute	attribute	0
/tmp/xml-file14846065470002345082/nbproject_build-impl.xml	806	797		javadoc	javadoc	0
/tmp/xml-file14846065470002345082/nbproject_build-impl.xml	4	3		not	not	0
/tmp/xml-file14846065470002345082/nbproject_build-impl.xml	450	1		target	target	0
/tmp/xml-file14846065470002345082/nbproject_build-impl.xml	73	71		isset	isset	0
/tmp/xml-file14846065470002345082/nbproject_build-impl.xml	272	267		element	element	0
/tmp/xml-file14846065470002345082/nbproject_build-impl.xml	86	19		property	property	0
/tmp/xml-file14846065470002345082/nbproject_build-impl.xml	17	16		property	property	0
/tmp/xml-file14846065470002345082/nbproject_build-impl.xml	296	290		sequential	sequential	0
/tmp/xml-file14846065470002345082/nbproject_build-impl.xml	481	480		jvmarg	jvmarg	0
/tmp/xml-file14846065470002345082/nbproject_build-impl.xml	190	186		attribute	attribute	0
/tmp/xml-file14846065470002345082/nbproject_build-impl.xml	768	767		propertyref	propertyref	0
/tmp/xml-file14846065470002345082/nbproject_build-impl.xml	918	917		propertyset	propertyset	0
/tmp/xml-file14846065470002345082/nbproject_build-impl.xml	158	152		attribute	attribute	0
/tmp/xml-file14846065470002345082/nbproject_build-impl.xml	425	419		arg	arg	0
/tmp/xml-file14846065470002345082/nbproject_build-impl.xml	621	620		available	available	0
/tmp/xml-file14846065470002345082/nbproject_build-impl.xml	607	1		target	target	0
/tmp/xml-file14846065470002345082/nbproject_build-impl.xml	304	303		xmlfileset	xmlfileset	0
/tmp/xml-file14846065470002345082/nbproject_build-impl.xml	137	134		fail	fail	0
/tmp/xml-file14846065470002345082/nbproject_build-impl.xml	835	1		target	target	0
/tmp/xml-file14846065470002345082/nbproject_build-impl.xml	589	1		target	target	0
/tmp/xml-file14846065470002345082/nbproject_build-impl.xml	298	297		isset	isset	0
/tmp/xml-file14846065470002345082/nbproject_build-impl.xml	183	168		compilerarg	compilerarg	0
/tmp/xml-file14846065470002345082/nbproject_build-impl.xml	592	589		property	property	0
/tmp/xml-file14846065470002345082/nbproject_build-impl.xml	491	480		customize	customize	0
/tmp/xml-file14846065470002345082/nbproject_build-impl.xml	779	777		antcall	antcall	0
/tmp/xml-file14846065470002345082/nbproject_build-impl.xml	228	222		tempfile	tempfile	0
/tmp/xml-file14846065470002345082/nbproject_build-impl.xml	437	435		attribute	attribute	0
/tmp/xml-file14846065470002345082/nbproject_build-impl.xml	302	296		taskdef	taskdef	0
/tmp/xml-file14846065470002345082/nbproject_build-impl.xml	563	1		target	target	0
/tmp/xml-file14846065470002345082/nbproject_build-impl.xml	865	864		fail	fail	0
/tmp/xml-file14846065470002345082/nbproject_build-impl.xml	889	888		customize	customize	0
/tmp/xml-file14846065470002345082/nbproject_build-impl.xml	872	870		fail	fail	0
/tmp/xml-file14846065470002345082/nbproject_build-impl.xml	747	1		target	target	0
/tmp/xml-file14846065470002345082/nbproject_build-impl.xml	287	275		customize	customize	0
/tmp/xml-file14846065470002345082/nbproject_build-impl.xml	878	1		target	target	0
/tmp/xml-file14846065470002345082/nbproject_build-impl.xml	734	1		target	target	0
/tmp/xml-file14846065470002345082/nbproject_build-impl.xml	81	19		property	property	0
/tmp/xml-file14846065470002345082/nbproject_build-impl.xml	214	212		attribute	attribute	0
/tmp/xml-file14846065470002345082/nbproject_build-impl.xml	99	19		condition	condition	0
/tmp/xml-file14846065470002345082/nbproject_build-impl.xml	507	506		nbjpdareload	nbjpdareload	0
/tmp/xml-file14846065470002345082/nbproject_build-impl.xml	690	689		fileset	fileset	0
/tmp/xml-file14846065470002345082/nbproject_build-impl.xml	306	305		propertyref	propertyref	0
/tmp/xml-file14846065470002345082/nbproject_build-impl.xml	1	-1		project	project	0
/tmp/xml-file14846065470002345082/nbproject_build-impl.xml	118	19		available	available	0
/tmp/xml-file14846065470002345082/nbproject_build-impl.xml	732	731	http://www.netbeans.org/ns/j2se-project/1	nbjpdareload	j2seproject1:nbjpdareload	0
/tmp/xml-file4231864959963931112/nbproject_project.xml	1	-1	http://www.netbeans.org/ns/project/1	project	project	0
/tmp/xml-file14846065470002345082/nbproject_build-impl.xml	294	290		attribute	attribute	0
/tmp/xml-file14846065470002345082/nbproject_build-impl.xml	708	1		target	target	0
/tmp/xml-file14846065470002345082/nbproject_build-impl.xml	717	1		target	target	0
/tmp/xml-file14846065470002345082/nbproject_build-impl.xml	736	734		nbprofiledirect	nbprofiledirect	0
/tmp/xml-file14846065470002345082/nbproject_build-impl.xml	714	713		customize	customize	0
/tmp/xml-file14846065470002345082/nbproject_build-impl.xml	612	1		target	target	0
/tmp/xml-file14846065470002345082/nbproject_build-impl.xml	855	854		fail	fail	0
/tmp/xml-file14846065470002345082/nbproject_build-impl.xml	291	290		attribute	attribute	0
/tmp/xml-file14846065470002345082/nbproject_build-impl.xml	232	222		delete	delete	0
/tmp/xml-file14846065470002345082/nbproject_build-impl.xml	652	1		target	target	0
/tmp/xml-file14846065470002345082/nbproject_build-impl.xml	412	411		condition	condition	0
/tmp/xml-file14846065470002345082/nbproject_build-impl.xml	44	43		isset	isset	0
/tmp/xml-file14846065470002345082/nbproject_build-impl.xml	87	19		property	property	0
/tmp/xml-file14846065470002345082/nbproject_build-impl.xml	366	361		formatter	formatter	0
/tmp/xml-file14846065470002345082/nbproject_build-impl.xml	810	809		filename	filename	0
/tmp/xml-file14846065470002345082/nbproject_build-impl.xml	452	451		attribute	attribute	0
/tmp/xml-file14846065470002345082/nbproject_build-impl.xml	800	799		and	and	0
/tmp/xml-file14846065470002345082/nbproject_build-impl.xml	275	273		junit	junit	0
/tmp/xml-file14846065470002345082/nbproject_build-impl.xml	92	91		isset	isset	0
/tmp/xml-file14846065470002345082/nbproject_build-impl.xml	796	793		antcall	antcall	0
/tmp/xml-file14846065470002345082/nbproject_build-impl.xml	838	835	http://www.netbeans.org/ns/j2se-project/3	javac	j2seproject3:javac	0
/tmp/xml-file14846065470002345082/nbproject_build-impl.xml	406	1		target	target	0
/tmp/xml-file14846065470002345082/nbproject_build-impl.xml	442	435		sequential	sequential	0
/tmp/xml-file14846065470002345082/nbproject_build-impl.xml	202	201		src	src	0
/tmp/xml-file14846065470002345082/nbproject_build-impl.xml	339	338		macrodef	macrodef	0
/tmp/xml-file14846065470002345082/nbproject_build-impl.xml	295	290		element	element	0
/tmp/xml-file14846065470002345082/nbproject_build-impl.xml	352	1		target	target	0
/tmp/xml-file14846065470002345082/nbproject_build-impl.xml	663	662		manifest	manifest	0
/tmp/xml-file14846065470002345082/nbproject_build-impl.xml	445	444		classpath	classpath	0
/tmp/xml-file14846065470002345082/nbproject_build-impl.xml	28	27		and	and	0
/tmp/xml-file14846065470002345082/nbproject_build-impl.xml	595	589		property	property	0
/tmp/xml-file14846065470002345082/nbproject_build-impl.xml	687	676		echo	echo	0
/tmp/xml-file14846065470002345082/nbproject_build-impl.xml	675	671		echo	echo	0
/tmp/xml-file14846065470002345082/nbproject_build-impl.xml	809	806		fileset	fileset	0
/tmp/xml-file14846065470002345082/nbproject_build-impl.xml	6	1		target	target	0
/tmp/xml-file14846065470002345082/nbproject_build-impl.xml	478	477		property	property	0
/tmp/xml-file14846065470002345082/nbproject_build-impl.xml	792	789		antcal	antcal	0
/tmp/xml-file14846065470002345082/nbproject_build-impl.xml	380	379		property	property	0
/tmp/xml-file14846065470002345082/nbproject_build-impl.xml	703	702		fail	fail	0
/tmp/xml-file14846065470002345082/nbproject_build-impl.xml	754	753		arg	arg	0
/tmp/xml-file14846065470002345082/nbproject_build-impl.xml	91	90		and	and	0
/tmp/xml-file14846065470002345082/nbproject_build-impl.xml	262	257		formatter	formatter	0
/tmp/xml-file14846065470002345082/nbproject_build-impl.xml	599	1		target	target	0
/tmp/xml-file14846065470002345082/nbproject_build-impl.xml	15	12		property	property	0
/tmp/xml-file14846065470002345082/nbproject_build-impl.xml	104	103		isset	isset	0
/tmp/xml-file14846065470002345082/nbproject_build-impl.xml	446	445		path	path	0
/tmp/xml-file14846065470002345082/nbproject_build-impl.xml	98	19		property	property	0
/tmp/xml-file14846065470002345082/nbproject_build-impl.xml	301	300		filename	filename	0
/tmp/xml-file14846065470002345082/nbproject_build-impl.xml	776	774		contains	contains	0
/tmp/xml-file14846065470002345082/nbproject_build-impl.xml	213	212		attribute	attribute	0
/tmp/xml-file14846065470002345082/nbproject_build-impl.xml	875	874	http://www.netbeans.org/ns/j2se-project/1	nbjpdastart	j2seproject1:nbjpdastart	0
/tmp/xml-file14846065470002345082/nbproject_build-impl.xml	511	510		property	property	0
/tmp/xml-file14846065470002345082/nbproject_build-impl.xml	69	68		available	available	0
/tmp/xml-file14846065470002345082/nbproject_build-impl.xml	389	387		mapper	mapper	0
/tmp/xml-file14846065470002345082/nbproject_build-impl.xml	526	525		attribute	attribute	0
/tmp/xml-file14846065470002345082/nbproject_build-impl.xml	226	225		filelist	filelist	0
/tmp/xml-file14846065470002345082/nbproject_build-impl.xml	842	1		target	target	0
/tmp/xml-file14846065470002345082/nbproject_build-impl.xml	439	435		attribute	attribute	0
/tmp/xml-file14846065470002345082/nbproject_build-impl.xml	549	545		element	element	0
/tmp/xml-file14846065470002345082/nbproject_build-impl.xml	160	152		attribute	attribute	0
/tmp/xml-file14846065470002345082/nbproject_build-impl.xml	782	780		startprofiler	startprofiler	0
/tmp/xml-file14846065470002345082/nbproject_build-impl.xml	610	1		target	target	0
/tmp/xml-file14846065470002345082/nbproject_build-impl.xml	74	19		condition	condition	0
/tmp/xml-file14846065470002345082/nbproject_build-impl.xml	475	474		attribute	attribute	0
/tmp/xml-file14846065470002345082/nbproject_build-impl.xml	447	444		jvmarg	jvmarg	0
/tmp/xml-file14846065470002345082/nbproject_build-impl.xml	517	513		contains	contains	0
/tmp/xml-file14846065470002345082/nbproject_build-impl.xml	579	567		taskdef	taskdef	0
/tmp/xml-file14846065470002345082/nbproject_build-impl.xml	634	632		copy	copy	0
/tmp/xml-file14846065470002345082/nbproject_build-impl.xml	401	397		attribute	attribute	0
/tmp/xml-file14846065470002345082/nbproject_build-impl.xml	531	530		jvmarg	jvmarg	0
/tmp/xml-file14846065470002345082/nbproject_build-impl.xml	323	319		attribute	attribute	0
/tmp/xml-file14846065470002345082/nbproject_build-impl.xml	847	1		target	target	0
/tmp/xml-file14846065470002345082/nbproject_build-impl.xml	45	43		isset	isset	0
/tmp/xml-file14846065470002345082/nbproject_build-impl.xml	164	152		sequential	sequential	0
/tmp/xml-file14846065470002345082/nbproject_build-impl.xml	185	1		target	target	0
/tmp/xml-file14846065470002345082/nbproject_build-impl.xml	101	19		path	path	0
/tmp/xml-file14846065470002345082/nbproject_build-impl.xml	371	361		customize	customize	0
/tmp/xml-file14846065470002345082/nbproject_build-impl.xml	161	152		attribute	attribute	0
/tmp/xml-file14846065470002345082/nbproject_build-impl.xml	30	28		not	not	0
/tmp/xml-file14846065470002345082/nbproject_build-impl.xml	46	43		not	not	0
/tmp/xml-file14846065470002345082/nbproject_build-impl.xml	731	1		target	target	0
/tmp/xml-file14846065470002345082/nbproject_build-impl.xml	762	760		jvmarg	jvmarg	0
/tmp/xml-file14846065470002345082/nbproject_build-impl.xml	532	530		jvmarg	jvmarg	0
/tmp/xml-file14846065470002345082/nbproject_build-impl.xml	356	353		attribute	attribute	0
/tmp/xml-file14846065470002345082/nbproject_build-impl.xml	368	361		jvmarg	jvmarg	0
/tmp/xml-file14846065470002345082/nbproject_build-impl.xml	320	319		attribute	attribute	0
/tmp/xml-file14846065470002345082/nbproject_build-impl.xml	285	275		formatter	formatter	0
/tmp/xml-file14846065470002345082/nbproject_build-impl.xml	476	474		element	element	0
/tmp/xml-file14846065470002345082/nbproject_build-impl.xml	745	744		path	path	0
/tmp/xml-file14846065470002345082/nbproject_build-impl.xml	877	1		target	target	0
/tmp/xml-file14846065470002345082/nbproject_build-impl.xml	322	319		attribute	attribute	0
/tmp/xml-file14846065470002345082/nbproject_build-impl.xml	365	363		mapper	mapper	0
/tmp/xml-file14846065470002345082/nbproject_build-impl.xml	375	373		attribute	attribute	0
/tmp/xml-file14846065470002345082/nbproject_build-impl.xml	434	1		target	target	0
/tmp/xml-file14846065470002345082/nbproject_build-impl.xml	151	1		target	target	0
/tmp/xml-file14846065470002345082/nbproject_build-impl.xml	358	353		element	element	0
/tmp/xml-file14846065470002345082/nbproject_build-impl.xml	267	266		macrodef	macrodef	0
/tmp/xml-file14846065470002345082/nbproject_build-impl.xml	53	52		and	and	0
/tmp/xml-file14846065470002345082/nbproject_build-impl.xml	108	107		isset	isset	0
/tmp/xml-file14846065470002345082/nbproject_build-impl.xml	853	852		mkdir	mkdir	0
/tmp/xml-file14846065470002345082/nbproject_build-impl.xml	466	1		target	target	0
/tmp/xml-file14846065470002345082/nbproject_build-impl.xml	112	110		not	not	0
/tmp/xml-file14846065470002345082/nbproject_build-impl.xml	530	529		java	java	0
/tmp/xml-file14846065470002345082/nbproject_build-impl.xml	12	1		target	target	0
/tmp/xml-file14846065470002345082/nbproject_build-impl.xml	733	1		target	target	0
/tmp/xml-file14846065470002345082/nbproject_build-impl.xml	218	217		classpath	classpath	0
/tmp/xml-file14846065470002345082/nbproject_build-impl.xml	260	259		propertyref	propertyref	0
/tmp/xml-file14846065470002345082/nbproject_build-impl.xml	866	1		target	target	0
/tmp/xml-file14846065470002345082/nbproject_build-impl.xml	273	267		sequential	sequential	0
/tmp/xml-file14846065470002345082/nbproject_build-impl.xml	326	325	http://www.netbeans.org/ns/j2se-project/3	junit	new_var_505	1
/tmp/xml-file14846065470002345082/nbproject_build-impl.xml	588	587	http://www.netbeans.org/ns/j2se-project/1	fileset	new_var_506	1
/tmp/xml-file14846065470002345082/nbproject_build-impl.xml	588	587	http://www.netbeans.org/ns/j2se-project/1	fileset	j2seproject1:fileset	10
/tmp/xml-file14846065470002345082/nbproject_build-impl.xml	326	325	http://www.netbeans.org/ns/j2se-project/3	junit	j2seproject3:junit	10
