0	<simplejavacalculator.UI: void actionPerformed(java.awt.event.ActionEvent)>/simplejavacalculator.Calculator.calculateEqual/0	<simplejavacalculator.UI: void actionPerformed(java.awt.event.ActionEvent)>/$stack29	0
0	<simplejavacalculator.UI: void init()>/javax.swing.JButton.setFont/8	<simplejavacalculator.UI: void init()>/$stack27	0
0	<simplejavacalculator.UI: void actionPerformed(java.awt.event.ActionEvent)>/simplejavacalculator.Calculator.calculateMono/0	<simplejavacalculator.UI: void actionPerformed(java.awt.event.ActionEvent)>/$stack82	0
0	<simplejavacalculator.Calculator$BiOperatorModes: void <clinit>()>/simplejavacalculator.Calculator$BiOperatorModes.<init>/4	<simplejavacalculator.Calculator$BiOperatorModes: void <clinit>()>/$stringconstant4	0
1	<simplejavacalculator.UI: void actionPerformed(java.awt.event.ActionEvent)>/simplejavacalculator.Calculator.calculateMono/2	<simplejavacalculator.UI: void actionPerformed(java.awt.event.ActionEvent)>/$stack71	0
0	<simplejavacalculator.UI: void parsetoBinary()>/java.lang.StringBuilder.append/0	<simplejavacalculator.UI: void parsetoBinary()>/$stringconstant0	0
0	<simplejavacalculator.Calculator$BiOperatorModes: void <clinit>()>/simplejavacalculator.Calculator$BiOperatorModes.<init>/1	<simplejavacalculator.Calculator$BiOperatorModes: void <clinit>()>/$stringconstant1	0
1	<simplejavacalculator.UI: void actionPerformed(java.awt.event.ActionEvent)>/simplejavacalculator.Calculator.calculateMono/7	<simplejavacalculator.UI: void actionPerformed(java.awt.event.ActionEvent)>/$stack41	0
0	<simplejavacalculator.Calculator$MonoOperatorModes: void <clinit>()>/simplejavacalculator.Calculator$MonoOperatorModes.<init>/8	<simplejavacalculator.Calculator$MonoOperatorModes: void <clinit>()>/$stringconstant8	0
0	<simplejavacalculator.Calculator$MonoOperatorModes: simplejavacalculator.Calculator$MonoOperatorModes valueOf(java.lang.String)>/java.lang.Enum.valueOf/0	<simplejavacalculator.Calculator$MonoOperatorModes: simplejavacalculator.Calculator$MonoOperatorModes valueOf(java.lang.String)>/$classconstant0	0
0	<simplejavacalculator.UI: void init()>/javax.swing.JButton.addActionListener/9	<simplejavacalculator.UI: void init()>/this#_0	0
0	<simplejavacalculator.UI: void actionPerformed(java.awt.event.ActionEvent)>/simplejavacalculator.UI.writer/6	<simplejavacalculator.UI: void actionPerformed(java.awt.event.ActionEvent)>/$stack78	0
0	<simplejavacalculator.Calculator: java.lang.Double calculateMono(simplejavacalculator.Calculator$MonoOperatorModes,java.lang.Double)>/java.lang.Math.sin/0	<simplejavacalculator.Calculator: java.lang.Double calculateMono(simplejavacalculator.Calculator$MonoOperatorModes,java.lang.Double)>/$stack40	0
2	<simplejavacalculator.UI: void <init>()>/java.awt.Font.<init>/1	<simplejavacalculator.UI: void <init>()>/$numconstant6	0
0	<simplejavacalculator.UI: void <init>()>/javax.swing.JPanel.<init>/1	<simplejavacalculator.UI: void <init>()>/$stack13	0
1	<simplejavacalculator.Calculator$MonoOperatorModes: void <clinit>()>/simplejavacalculator.Calculator$MonoOperatorModes.<init>/4	<simplejavacalculator.Calculator$MonoOperatorModes: void <clinit>()>/$numconstant4	0
0	<simplejavacalculator.UI: void init()>/javax.swing.JButton.addActionListener/14	<simplejavacalculator.UI: void init()>/this#_0	0
0	<simplejavacalculator.Calculator: java.lang.Double calculateBiImpl()>/java.lang.Double.valueOf/3	<simplejavacalculator.Calculator: java.lang.Double calculateBiImpl()>/$stack24	0
1	<simplejavacalculator.Calculator$BiOperatorModes: void <clinit>()>/simplejavacalculator.Calculator$BiOperatorModes.<init>/0	<simplejavacalculator.Calculator$BiOperatorModes: void <clinit>()>/$numconstant0	0
0	<simplejavacalculator.Calculator$MonoOperatorModes: void <clinit>()>/simplejavacalculator.Calculator$MonoOperatorModes.<init>/4	<simplejavacalculator.Calculator$MonoOperatorModes: void <clinit>()>/$stringconstant4	0
1	<simplejavacalculator.Calculator$MonoOperatorModes: void <init>(java.lang.String,int)>/java.lang.Enum.<init>/0	<simplejavacalculator.Calculator$MonoOperatorModes: void <init>(java.lang.String,int)>/l2#_0	0
0	<simplejavacalculator.UI: void parsetoBinary()>/java.lang.StringBuilder.append/2	<simplejavacalculator.UI: void parsetoBinary()>/$stringconstant1	0
0	<simplejavacalculator.Calculator: java.lang.Double calculateMono(simplejavacalculator.Calculator$MonoOperatorModes,java.lang.Double)>/java.lang.Double.valueOf/8	<simplejavacalculator.Calculator: java.lang.Double calculateMono(simplejavacalculator.Calculator$MonoOperatorModes,java.lang.Double)>/$stack20	0
0	<simplejavacalculator.UI: void init()>/javax.swing.JPanel.add/12	<simplejavacalculator.UI: void init()>/$stack89	0
0	<simplejavacalculator.UI: void init()>/javax.swing.JPanel.add/13	<simplejavacalculator.UI: void init()>/$stack93	0
0	<simplejavacalculator.UI: void init()>/javax.swing.JPanel.add/34	<simplejavacalculator.UI: void init()>/$stack159	0
0	<simplejavacalculator.UI: void actionPerformed(java.awt.event.ActionEvent)>/simplejavacalculator.UI.writer/2	<simplejavacalculator.UI: void actionPerformed(java.awt.event.ActionEvent)>/$stack102	0
0	<simplejavacalculator.UI: void init()>/javax.swing.JPanel.add/33	<simplejavacalculator.UI: void init()>/$stack156	0
0	<simplejavacalculator.UI: void init()>/javax.swing.JTextArea.setEditable/0	<simplejavacalculator.UI: void init()>/$numconstant5	0
0	<simplejavacalculator.UI: void init()>/javax.swing.Box.createHorizontalStrut/4	<simplejavacalculator.UI: void init()>/$numconstant10	0
0	<simplejavacalculator.UI: void parsetoBinary()>/java.lang.StringBuilder.append/3	<simplejavacalculator.UI: void parsetoBinary()>/$stack15	0
0	<simplejavacalculator.UI: void init()>/javax.swing.JButton.addActionListener/18	<simplejavacalculator.UI: void init()>/this#_0	0
0	<simplejavacalculator.Calculator: java.lang.Double calculateMono(simplejavacalculator.Calculator$MonoOperatorModes,java.lang.Double)>/java.lang.Math.sqrt/0	<simplejavacalculator.Calculator: java.lang.Double calculateMono(simplejavacalculator.Calculator$MonoOperatorModes,java.lang.Double)>/$stack50	0
0	<simplejavacalculator.UI: void init()>/javax.swing.JButton.addActionListener/3	<simplejavacalculator.UI: void init()>/this#_0	0
0	<simplejavacalculator.UI: void writer(java.lang.Double)>/java.lang.Double.toString/0	<simplejavacalculator.UI: void writer(java.lang.Double)>/$stack5	0
0	<simplejavacalculator.UI: void init()>/javax.swing.JFrame.setResizable/0	<simplejavacalculator.UI: void init()>/$numconstant3	0
0	<simplejavacalculator.UI: void init()>/javax.swing.JButton.addActionListener/1	<simplejavacalculator.UI: void init()>/this#_0	0
0	<simplejavacalculator.UI: void actionPerformed(java.awt.event.ActionEvent)>/simplejavacalculator.Calculator.calculateMono/8	<simplejavacalculator.UI: void actionPerformed(java.awt.event.ActionEvent)>/$stack34	0
1	<simplejavacalculator.UI: void actionPerformed(java.awt.event.ActionEvent)>/simplejavacalculator.Calculator.calculateMono/8	<simplejavacalculator.UI: void actionPerformed(java.awt.event.ActionEvent)>/$stack35	0
0	<simplejavacalculator.UI: void <init>()>/javax.swing.JPanel.<init>/3	<simplejavacalculator.UI: void <init>()>/$stack17	0
0	<simplejavacalculator.UI: void actionPerformed(java.awt.event.ActionEvent)>/simplejavacalculator.UI.writer/1	<simplejavacalculator.UI: void actionPerformed(java.awt.event.ActionEvent)>/$stack108	0
0	<simplejavacalculator.UI: void actionPerformed(java.awt.event.ActionEvent)>/simplejavacalculator.UI.writer/12	<simplejavacalculator.UI: void actionPerformed(java.awt.event.ActionEvent)>/$stack42	0
0	<simplejavacalculator.UI: void init()>/javax.swing.JButton.addActionListener/11	<simplejavacalculator.UI: void init()>/this#_0	0
0	<simplejavacalculator.Calculator: java.lang.Double calculateMono(simplejavacalculator.Calculator$MonoOperatorModes,java.lang.Double)>/java.lang.Double.valueOf/9	<simplejavacalculator.Calculator: java.lang.Double calculateMono(simplejavacalculator.Calculator$MonoOperatorModes,java.lang.Double)>/$stack17	0
0	<simplejavacalculator.Calculator: java.lang.Double calculateMono(simplejavacalculator.Calculator$MonoOperatorModes,java.lang.Double)>/java.lang.Math.log10/0	<simplejavacalculator.Calculator: java.lang.Double calculateMono(simplejavacalculator.Calculator$MonoOperatorModes,java.lang.Double)>/$stack19	0
0	<simplejavacalculator.UI: void actionPerformed(java.awt.event.ActionEvent)>/simplejavacalculator.Calculator.calculateMono/2	<simplejavacalculator.UI: void actionPerformed(java.awt.event.ActionEvent)>/$stack70	0
0	<simplejavacalculator.UI: void actionPerformed(java.awt.event.ActionEvent)>/simplejavacalculator.Calculator.calculateBi/3	<simplejavacalculator.UI: void actionPerformed(java.awt.event.ActionEvent)>/$stack94	0
0	<simplejavacalculator.UI: void parsetoBinary()>/javax.swing.JTextArea.setText/0	<simplejavacalculator.UI: void parsetoBinary()>/$stack10	0
1	<simplejavacalculator.Calculator$BiOperatorModes: void <init>(java.lang.String,int)>/java.lang.Enum.<init>/0	<simplejavacalculator.Calculator$BiOperatorModes: void <init>(java.lang.String,int)>/l2#_0	0
0	<simplejavacalculator.Calculator: java.lang.Double calculateBiImpl()>/java.lang.Double.valueOf/1	<simplejavacalculator.Calculator: java.lang.Double calculateBiImpl()>/$stack36	0
0	<simplejavacalculator.Calculator: java.lang.Double calculateBi(simplejavacalculator.Calculator$BiOperatorModes,java.lang.Double)>/java.lang.Double.valueOf/1	<simplejavacalculator.Calculator: java.lang.Double calculateBi(simplejavacalculator.Calculator$BiOperatorModes,java.lang.Double)>/$numconstant1	0
0	<simplejavacalculator.Calculator$MonoOperatorModes: void <clinit>()>/simplejavacalculator.Calculator$MonoOperatorModes.<init>/2	<simplejavacalculator.Calculator$MonoOperatorModes: void <clinit>()>/$stringconstant2	0
1	<simplejavacalculator.UI: void actionPerformed(java.awt.event.ActionEvent)>/simplejavacalculator.Calculator.calculateBi/4	<simplejavacalculator.UI: void actionPerformed(java.awt.event.ActionEvent)>/$stack89	0
0	<simplejavacalculator.Calculator$BiOperatorModes: void <clinit>()>/simplejavacalculator.Calculator$BiOperatorModes.<init>/2	<simplejavacalculator.Calculator$BiOperatorModes: void <clinit>()>/$stringconstant2	0
0	<simplejavacalculator.UI: void init()>/javax.swing.JButton.setFont/2	<simplejavacalculator.UI: void init()>/$stack15	0
1	<simplejavacalculator.Calculator$BiOperatorModes: void <clinit>()>/simplejavacalculator.Calculator$BiOperatorModes.<init>/1	<simplejavacalculator.Calculator$BiOperatorModes: void <clinit>()>/$numconstant1	0
1	<simplejavacalculator.Calculator$MonoOperatorModes: void <clinit>()>/simplejavacalculator.Calculator$MonoOperatorModes.<init>/8	<simplejavacalculator.Calculator$MonoOperatorModes: void <clinit>()>/$numconstant8	0
0	<simplejavacalculator.UI: void init()>/javax.swing.JPanel.add/3	<simplejavacalculator.UI: void init()>/$stack57	0
0	<simplejavacalculator.UI: void <init>()>/javax.swing.JButton.<init>/11	<simplejavacalculator.UI: void <init>()>/$stringconstant23	0
0	<simplejavacalculator.UI: void init()>/javax.swing.JButton.setFont/7	<simplejavacalculator.UI: void init()>/$stack25	0
0	<simplejavacalculator.UI: void init()>/javax.swing.JPanel.add/26	<simplejavacalculator.UI: void init()>/$stack135	0
0	<simplejavacalculator.UI: void init()>/javax.swing.Box.createHorizontalStrut/2	<simplejavacalculator.UI: void init()>/$numconstant8	0
0	<simplejavacalculator.UI: void writer(java.lang.Double)>/java.lang.Double.isNaN/0	<simplejavacalculator.UI: void writer(java.lang.Double)>/$stack2	0
0	<simplejavacalculator.UI: void <init>()>/javax.swing.JPanel.<init>/4	<simplejavacalculator.UI: void <init>()>/$stack19	0
0	<simplejavacalculator.UI: void init()>/javax.swing.JFrame.setLocationRelativeTo/0	<simplejavacalculator.UI: void init()>/$null0	0
0	<simplejavacalculator.UI: void init()>/javax.swing.JButton.setFont/10	<simplejavacalculator.UI: void init()>/$stack31	0
0	<simplejavacalculator.UI: void init()>/javax.swing.JPanel.add/0	<simplejavacalculator.UI: void init()>/$stack48	0
0	<simplejavacalculator.UI: void actionPerformed(java.awt.event.ActionEvent)>/simplejavacalculator.Calculator.calculateMono/4	<simplejavacalculator.UI: void actionPerformed(java.awt.event.ActionEvent)>/$stack58	0
1	<simplejavacalculator.UI: void actionPerformed(java.awt.event.ActionEvent)>/simplejavacalculator.Calculator.calculateBi/1	<simplejavacalculator.UI: void actionPerformed(java.awt.event.ActionEvent)>/$stack107	0
1	<simplejavacalculator.UI: void actionPerformed(java.awt.event.ActionEvent)>/simplejavacalculator.Calculator.calculateBi/3	<simplejavacalculator.UI: void actionPerformed(java.awt.event.ActionEvent)>/$stack95	0
0	<simplejavacalculator.UI: void <init>()>/javax.swing.JButton.<init>/5	<simplejavacalculator.UI: void <init>()>/$stringconstant17	0
0	<simplejavacalculator.UI: void <init>()>/javax.swing.JButton.<init>/1	<simplejavacalculator.UI: void <init>()>/$stringconstant13	0
1	<simplejavacalculator.UI: void actionPerformed(java.awt.event.ActionEvent)>/simplejavacalculator.Calculator.calculateMono/6	<simplejavacalculator.UI: void actionPerformed(java.awt.event.ActionEvent)>/$stack47	0
0	<simplejavacalculator.UI: void actionPerformed(java.awt.event.ActionEvent)>/simplejavacalculator.Calculator.calculateMono/7	<simplejavacalculator.UI: void actionPerformed(java.awt.event.ActionEvent)>/$stack40	0
0	<simplejavacalculator.UI: void init()>/javax.swing.JButton.addActionListener/6	<simplejavacalculator.UI: void init()>/this#_0	0
0	<simplejavacalculator.UI: void init()>/javax.swing.JPanel.add/38	<simplejavacalculator.UI: void init()>/$stack171	0
0	<simplejavacalculator.UI: void actionPerformed(java.awt.event.ActionEvent)>/simplejavacalculator.Calculator.calculateBi/1	<simplejavacalculator.UI: void actionPerformed(java.awt.event.ActionEvent)>/$stack106	0
0	<simplejavacalculator.Calculator: java.lang.Double calculateMono(simplejavacalculator.Calculator$MonoOperatorModes,java.lang.Double)>/java.lang.Double.valueOf/5	<simplejavacalculator.Calculator: java.lang.Double calculateMono(simplejavacalculator.Calculator$MonoOperatorModes,java.lang.Double)>/$stack39	0
0	<simplejavacalculator.Calculator: java.lang.Double calculateEqual(java.lang.Double)>/simplejavacalculator.Calculator.calculateBi/0	<simplejavacalculator.Calculator: java.lang.Double calculateEqual(java.lang.Double)>/$stack2	0
0	<simplejavacalculator.Calculator: java.lang.Double calculateMono(simplejavacalculator.Calculator$MonoOperatorModes,java.lang.Double)>/java.lang.Double.valueOf/1	<simplejavacalculator.Calculator: java.lang.Double calculateMono(simplejavacalculator.Calculator$MonoOperatorModes,java.lang.Double)>/$stack51	0
0	<simplejavacalculator.UI: void init()>/javax.swing.JPanel.add/31	<simplejavacalculator.UI: void init()>/$stack150	0
0	<simplejavacalculator.UI: void actionPerformed(java.awt.event.ActionEvent)>/javax.swing.JTextArea.replaceSelection/0	<simplejavacalculator.UI: void actionPerformed(java.awt.event.ActionEvent)>/$stack122	0
0	<simplejavacalculator.UI: void actionPerformed(java.awt.event.ActionEvent)>/simplejavacalculator.UI.writer/9	<simplejavacalculator.UI: void actionPerformed(java.awt.event.ActionEvent)>/$stack60	0
0	<simplejavacalculator.UI: void parsetoBinary()>/java.lang.StringBuilder.append/1	<simplejavacalculator.UI: void parsetoBinary()>/$stack8	0
1	<simplejavacalculator.Calculator$BiOperatorModes: void <clinit>()>/simplejavacalculator.Calculator$BiOperatorModes.<init>/3	<simplejavacalculator.Calculator$BiOperatorModes: void <clinit>()>/$numconstant3	0
0	<simplejavacalculator.UI: void <init>()>/javax.swing.JFrame.<init>/0	<simplejavacalculator.UI: void <init>()>/$stringconstant10	0
0	<simplejavacalculator.UI: void <init>()>/javax.swing.JButton.<init>/13	<simplejavacalculator.UI: void <init>()>/$stringconstant25	0
0	<simplejavacalculator.Calculator: java.lang.Double calculateMono(simplejavacalculator.Calculator$MonoOperatorModes,java.lang.Double)>/java.lang.Math.tan/0	<simplejavacalculator.Calculator: java.lang.Double calculateMono(simplejavacalculator.Calculator$MonoOperatorModes,java.lang.Double)>/$stack31	0
0	<simplejavacalculator.UI: void writer(java.lang.Double)>/javax.swing.JTextArea.setText/1	<simplejavacalculator.UI: void writer(java.lang.Double)>/$stack6	0
0	<simplejavacalculator.UI: void <init>()>/javax.swing.JButton.<init>/3	<simplejavacalculator.UI: void <init>()>/$stringconstant15	0
0	<simplejavacalculator.UI: void init()>/javax.swing.Box.createHorizontalStrut/0	<simplejavacalculator.UI: void init()>/$numconstant6	0
0	<simplejavacalculator.Calculator$MonoOperatorModes: void <clinit>()>/simplejavacalculator.Calculator$MonoOperatorModes.<init>/5	<simplejavacalculator.Calculator$MonoOperatorModes: void <clinit>()>/$stringconstant5	0
0	<simplejavacalculator.UI: void actionPerformed(java.awt.event.ActionEvent)>/simplejavacalculator.Calculator.calculateMono/6	<simplejavacalculator.UI: void actionPerformed(java.awt.event.ActionEvent)>/$stack46	0
0	<simplejavacalculator.Calculator: java.lang.Double calculateBiImpl()>/java.lang.Math.pow/0	<simplejavacalculator.Calculator: java.lang.Double calculateBiImpl()>/$stack15	0
0	<simplejavacalculator.UI: void init()>/javax.swing.JPanel.add/30	<simplejavacalculator.UI: void init()>/$stack147	0
0	<simplejavacalculator.UI: void actionPerformed(java.awt.event.ActionEvent)>/simplejavacalculator.Calculator.calculateBi/4	<simplejavacalculator.UI: void actionPerformed(java.awt.event.ActionEvent)>/$stack88	0
0	<simplejavacalculator.UI: void init()>/javax.swing.JPanel.add/40	<simplejavacalculator.UI: void init()>/$stack177	0
0	<simplejavacalculator.UI: void actionPerformed(java.awt.event.ActionEvent)>/simplejavacalculator.Calculator.calculateBi/0	<simplejavacalculator.UI: void actionPerformed(java.awt.event.ActionEvent)>/$stack112	0
1	<simplejavacalculator.UI: void actionPerformed(java.awt.event.ActionEvent)>/simplejavacalculator.Calculator.calculateBi/2	<simplejavacalculator.UI: void actionPerformed(java.awt.event.ActionEvent)>/$stack101	0
0	<simplejavacalculator.Calculator: java.lang.Double calculateMono(simplejavacalculator.Calculator$MonoOperatorModes,java.lang.Double)>/java.lang.Math.abs/0	<simplejavacalculator.Calculator: java.lang.Double calculateMono(simplejavacalculator.Calculator$MonoOperatorModes,java.lang.Double)>/$stack13	0
0	<simplejavacalculator.UI: void actionPerformed(java.awt.event.ActionEvent)>/simplejavacalculator.Calculator.calculateBi/2	<simplejavacalculator.UI: void actionPerformed(java.awt.event.ActionEvent)>/$stack100	0
0	<simplejavacalculator.Calculator: java.lang.Double calculateMono(simplejavacalculator.Calculator$MonoOperatorModes,java.lang.Double)>/java.lang.Double.valueOf/6	<simplejavacalculator.Calculator: java.lang.Double calculateMono(simplejavacalculator.Calculator$MonoOperatorModes,java.lang.Double)>/$numconstant0	0
0	<simplejavacalculator.UI: void <init>()>/javax.swing.JPanel.<init>/2	<simplejavacalculator.UI: void <init>()>/$stack15	0
1	<simplejavacalculator.Calculator$MonoOperatorModes: void <clinit>()>/simplejavacalculator.Calculator$MonoOperatorModes.<init>/6	<simplejavacalculator.Calculator$MonoOperatorModes: void <clinit>()>/$numconstant6	0
0	<simplejavacalculator.Calculator: java.lang.Double calculateBiImpl()>/java.lang.Double.valueOf/2	<simplejavacalculator.Calculator: java.lang.Double calculateBiImpl()>/$stack30	0
0	<simplejavacalculator.UI: void actionPerformed(java.awt.event.ActionEvent)>/simplejavacalculator.UI.writer/3	<simplejavacalculator.UI: void actionPerformed(java.awt.event.ActionEvent)>/$stack96	0
0	<simplejavacalculator.Calculator: java.lang.Double calculateBiImpl()>/java.lang.Double.valueOf/0	<simplejavacalculator.Calculator: java.lang.Double calculateBiImpl()>/$stack46	0
0	<simplejavacalculator.Calculator: java.lang.Double calculateBiImpl()>/java.lang.Double.valueOf/4	<simplejavacalculator.Calculator: java.lang.Double calculateBiImpl()>/$stack18	0
0	<simplejavacalculator.UI: void init()>/javax.swing.Box.createHorizontalStrut/3	<simplejavacalculator.UI: void init()>/$numconstant9	0
0	<simplejavacalculator.UI: void actionPerformed(java.awt.event.ActionEvent)>/simplejavacalculator.UI.writer/4	<simplejavacalculator.UI: void actionPerformed(java.awt.event.ActionEvent)>/$stack90	0
0	<simplejavacalculator.Calculator$MonoOperatorModes: void <clinit>()>/simplejavacalculator.Calculator$MonoOperatorModes.<init>/7	<simplejavacalculator.Calculator$MonoOperatorModes: void <clinit>()>/$stringconstant7	0
0	<simplejavacalculator.UI: void init()>/javax.swing.JPanel.add/37	<simplejavacalculator.UI: void init()>/$stack168	0
0	<simplejavacalculator.UI: void init()>/javax.swing.JButton.addActionListener/4	<simplejavacalculator.UI: void init()>/this#_0	0
0	<simplejavacalculator.Calculator$BiOperatorModes: void <clinit>()>/simplejavacalculator.Calculator$BiOperatorModes.<init>/3	<simplejavacalculator.Calculator$BiOperatorModes: void <clinit>()>/$stringconstant3	0
1	<simplejavacalculator.Calculator$MonoOperatorModes: void <clinit>()>/simplejavacalculator.Calculator$MonoOperatorModes.<init>/2	<simplejavacalculator.Calculator$MonoOperatorModes: void <clinit>()>/$numconstant2	0
1	<simplejavacalculator.Calculator: java.lang.Double calculateEqual(java.lang.Double)>/simplejavacalculator.Calculator.calculateBi/0	<simplejavacalculator.Calculator: java.lang.Double calculateEqual(java.lang.Double)>/num#_0	0
0	<simplejavacalculator.Calculator: java.lang.Double reset()>/java.lang.Double.valueOf/0	<simplejavacalculator.Calculator: java.lang.Double reset()>/$numconstant0	0
0	<simplejavacalculator.UI: void init()>/javax.swing.JButton.setFont/4	<simplejavacalculator.UI: void init()>/$stack19	0
0	<simplejavacalculator.UI: void <init>()>/javax.swing.JPanel.<init>/6	<simplejavacalculator.UI: void <init>()>/$stack23	0
0	<simplejavacalculator.UI: void init()>/javax.swing.JButton.addActionListener/7	<simplejavacalculator.UI: void init()>/this#_0	0
0	<simplejavacalculator.Calculator: java.lang.Double calculateMono(simplejavacalculator.Calculator$MonoOperatorModes,java.lang.Double)>/java.lang.Math.cos/0	<simplejavacalculator.Calculator: java.lang.Double calculateMono(simplejavacalculator.Calculator$MonoOperatorModes,java.lang.Double)>/$stack43	0
0	<simplejavacalculator.UI: void init()>/javax.swing.JButton.addActionListener/16	<simplejavacalculator.UI: void init()>/this#_0	0
0	<simplejavacalculator.Calculator$MonoOperatorModes: void <clinit>()>/simplejavacalculator.Calculator$MonoOperatorModes.<init>/3	<simplejavacalculator.Calculator$MonoOperatorModes: void <clinit>()>/$stringconstant3	0
0	<simplejavacalculator.UI: void actionPerformed(java.awt.event.ActionEvent)>/simplejavacalculator.UI.writer/5	<simplejavacalculator.UI: void actionPerformed(java.awt.event.ActionEvent)>/$stack84	0
0	<simplejavacalculator.UI: void init()>/javax.swing.JButton.setFont/16	<simplejavacalculator.UI: void init()>/$stack43	0
1	<simplejavacalculator.UI: void init()>/javax.swing.JFrame.setSize/0	<simplejavacalculator.UI: void init()>/$numconstant1	0
0	<simplejavacalculator.UI: void <init>()>/javax.swing.ImageIcon.<init>/0	<simplejavacalculator.UI: void <init>()>/$stack7	0
0	<simplejavacalculator.UI: void parsetoBinary()>/java.io.PrintStream.println/0	<simplejavacalculator.UI: void parsetoBinary()>/$stack17	0
1	<simplejavacalculator.Calculator$BiOperatorModes: void <clinit>()>/simplejavacalculator.Calculator$BiOperatorModes.<init>/4	<simplejavacalculator.Calculator$BiOperatorModes: void <clinit>()>/$numconstant4	0
1	<simplejavacalculator.UI: void actionPerformed(java.awt.event.ActionEvent)>/simplejavacalculator.Calculator.calculateMono/4	<simplejavacalculator.UI: void actionPerformed(java.awt.event.ActionEvent)>/$stack59	0
0	<simplejavacalculator.UI: void <init>()>/javax.swing.JButton.<init>/6	<simplejavacalculator.UI: void <init>()>/$stringconstant18	0
0	<simplejavacalculator.Calculator: java.lang.Double calculateMono(simplejavacalculator.Calculator$MonoOperatorModes,java.lang.Double)>/java.lang.Double.valueOf/2	<simplejavacalculator.Calculator: java.lang.Double calculateMono(simplejavacalculator.Calculator$MonoOperatorModes,java.lang.Double)>/$stack48	0
0	<simplejavacalculator.UI: void init()>/javax.swing.JButton.addActionListener/12	<simplejavacalculator.UI: void init()>/this#_0	0
0	<simplejavacalculator.UI: void actionPerformed(java.awt.event.ActionEvent)>/simplejavacalculator.UI.writer/0	<simplejavacalculator.UI: void actionPerformed(java.awt.event.ActionEvent)>/$stack114	0
0	<simplejavacalculator.UI: void init()>/javax.swing.JButton.addActionListener/5	<simplejavacalculator.UI: void init()>/this#_0	0
1	<simplejavacalculator.Calculator$BiOperatorModes: void <clinit>()>/simplejavacalculator.Calculator$BiOperatorModes.<init>/5	<simplejavacalculator.Calculator$BiOperatorModes: void <clinit>()>/$numconstant5	0
1	<simplejavacalculator.Calculator$MonoOperatorModes: void <clinit>()>/simplejavacalculator.Calculator$MonoOperatorModes.<init>/7	<simplejavacalculator.Calculator$MonoOperatorModes: void <clinit>()>/$numconstant7	0
1	<simplejavacalculator.Calculator$MonoOperatorModes: void <clinit>()>/simplejavacalculator.Calculator$MonoOperatorModes.<init>/5	<simplejavacalculator.Calculator$MonoOperatorModes: void <clinit>()>/$numconstant5	0
0	<simplejavacalculator.UI: void init()>/javax.swing.JPanel.add/6	<simplejavacalculator.UI: void init()>/$stack69	0
1	<simplejavacalculator.UI: void actionPerformed(java.awt.event.ActionEvent)>/simplejavacalculator.Calculator.calculateMono/0	<simplejavacalculator.UI: void actionPerformed(java.awt.event.ActionEvent)>/$stack83	0
0	<simplejavacalculator.Calculator: java.lang.Double calculateMono(simplejavacalculator.Calculator$MonoOperatorModes,java.lang.Double)>/java.lang.Double.valueOf/3	<simplejavacalculator.Calculator: java.lang.Double calculateMono(simplejavacalculator.Calculator$MonoOperatorModes,java.lang.Double)>/$stack44	0
0	<simplejavacalculator.UI: void init()>/javax.swing.JButton.addActionListener/0	<simplejavacalculator.UI: void init()>/this#_0	0
1	<simplejavacalculator.UI: void actionPerformed(java.awt.event.ActionEvent)>/simplejavacalculator.Calculator.calculateBi/0	<simplejavacalculator.UI: void actionPerformed(java.awt.event.ActionEvent)>/$stack113	0
0	<simplejavacalculator.Calculator: java.lang.Double calculateMono(simplejavacalculator.Calculator$MonoOperatorModes,java.lang.Double)>/java.lang.Double.valueOf/7	<simplejavacalculator.Calculator: java.lang.Double calculateMono(simplejavacalculator.Calculator$MonoOperatorModes,java.lang.Double)>/$stack32	0
0	<simplejavacalculator.Calculator: java.lang.Double calculateMono(simplejavacalculator.Calculator$MonoOperatorModes,java.lang.Double)>/java.lang.Double.valueOf/10	<simplejavacalculator.Calculator: java.lang.Double calculateMono(simplejavacalculator.Calculator$MonoOperatorModes,java.lang.Double)>/$stack14	0
0	<simplejavacalculator.UI: void init()>/javax.swing.JFrame.add/0	<simplejavacalculator.UI: void init()>/$stack199	0
0	<simplejavacalculator.UI: void actionPerformed(java.awt.event.ActionEvent)>/simplejavacalculator.UI.writer/15	<simplejavacalculator.UI: void actionPerformed(java.awt.event.ActionEvent)>/$stack25	0
1	<simplejavacalculator.UI: void actionPerformed(java.awt.event.ActionEvent)>/simplejavacalculator.Calculator.calculateMono/1	<simplejavacalculator.UI: void actionPerformed(java.awt.event.ActionEvent)>/$stack77	0
0	<simplejavacalculator.UI: void init()>/javax.swing.JButton.addActionListener/10	<simplejavacalculator.UI: void init()>/this#_0	0
0	<simplejavacalculator.UI: void init()>/javax.swing.JButton.addActionListener/2	<simplejavacalculator.UI: void init()>/this#_0	0
0	<simplejavacalculator.Calculator: java.lang.Double calculateMono(simplejavacalculator.Calculator$MonoOperatorModes,java.lang.Double)>/java.lang.Double.valueOf/4	<simplejavacalculator.Calculator: java.lang.Double calculateMono(simplejavacalculator.Calculator$MonoOperatorModes,java.lang.Double)>/$stack41	0
0	<simplejavacalculator.UI: void init()>/javax.swing.JFrame.setIconImage/0	<simplejavacalculator.UI: void init()>/$stack9	0
0	<simplejavacalculator.UI: void <init>()>/java.lang.String.valueOf/0	<simplejavacalculator.UI: void <init>()>/i_$$A_1_$$A_1#_90	0
0	<simplejavacalculator.UI: void <init>()>/javax.swing.JButton.<init>/14	<simplejavacalculator.UI: void <init>()>/$stringconstant26	0
0	<simplejavacalculator.UI: void init()>/javax.swing.JButton.addActionListener/8	<simplejavacalculator.UI: void init()>/this#_0	0
1	<simplejavacalculator.Calculator: java.lang.Double calculateBiImpl()>/java.lang.Math.pow/0	<simplejavacalculator.Calculator: java.lang.Double calculateBiImpl()>/$stack17	0
1	<simplejavacalculator.Calculator$BiOperatorModes: void <clinit>()>/simplejavacalculator.Calculator$BiOperatorModes.<init>/2	<simplejavacalculator.Calculator$BiOperatorModes: void <clinit>()>/$numconstant2	0
0	<simplejavacalculator.UI: void init()>/javax.swing.JPanel.add/20	<simplejavacalculator.UI: void init()>/$stack117	0
0	<simplejavacalculator.UI: void actionPerformed(java.awt.event.ActionEvent)>/simplejavacalculator.UI.writer/13	<simplejavacalculator.UI: void actionPerformed(java.awt.event.ActionEvent)>/$stack36	0
0	<simplejavacalculator.UI: void init()>/javax.swing.JPanel.add/36	<simplejavacalculator.UI: void init()>/$stack165	0
1	<simplejavacalculator.Calculator$MonoOperatorModes: void <clinit>()>/simplejavacalculator.Calculator$MonoOperatorModes.<init>/3	<simplejavacalculator.UI: void <init>()>/$numconstant3	1
0	<simplejavacalculator.UI: void <init>()>/javax.swing.JButton.<init>/12	<simplejavacalculator.UI: void <init>()>/$stringconstant27	1
0	<simplejavacalculator.Calculator$BiOperatorModes: void <clinit>()>/simplejavacalculator.Calculator$BiOperatorModes.<init>/0	<simplejavacalculator.Calculator$BiOperatorModes: void <clinit>()>/$stringconstant5	1
0	<simplejavacalculator.UI: void <init>()>/javax.swing.JPanel.setLayout/0	<simplejavacalculator.UI: void <init>()>/$stack8	1
0	<simplejavacalculator.UI: void init()>/javax.swing.JPanel.add/19	<simplejavacalculator.UI: void init()>/$stack125	1
0	<simplejavacalculator.UI: void init()>/javax.swing.JPanel.add/21	<simplejavacalculator.UI: void init()>/$stack129	1
0	<simplejavacalculator.Calculator$BiOperatorModes: void <init>(java.lang.String,int)>/java.lang.Enum.<init>/0	<simplejavacalculator.BufferedImageCustom: java.awt.Image imageReturn()>/bis#_19	1
0	<simplejavacalculator.UI: void init()>/javax.swing.JButton.addActionListener/13	<simplejavacalculator.UI: void init()>/$stack13	1
0	<simplejavacalculator.UI: void init()>/javax.swing.JPanel.add/11	<simplejavacalculator.UI: void init()>/$stack98	1
1	<simplejavacalculator.UI: void <init>()>/javax.swing.JPanel.<init>/6	<simplejavacalculator.UI: void init()>/$numconstant2	1
1	<simplejavacalculator.UI: void <init>()>/java.awt.Font.<init>/0	<simplejavacalculator.UI: void init()>/$numconstant0	1
0	<simplejavacalculator.Calculator$MonoOperatorModes: void <init>(java.lang.String,int)>/java.lang.Enum.<init>/0	<simplejavacalculator.Calculator$BiOperatorModes: void <init>(java.lang.String,int)>/l1#_0	1
1	<simplejavacalculator.Calculator$MonoOperatorModes: void <clinit>()>/simplejavacalculator.Calculator$MonoOperatorModes.<init>/0	<simplejavacalculator.UI: void <init>()>/$numconstant0	1
0	<simplejavacalculator.UI: void init()>/javax.swing.JButton.setFont/14	<simplejavacalculator.UI: void <init>()>/$stack9	1
0	<simplejavacalculator.UI: void actionPerformed(java.awt.event.ActionEvent)>/simplejavacalculator.Calculator.calculateMono/1	<simplejavacalculator.UI: void actionPerformed(java.awt.event.ActionEvent)>/$stack52	1
1	<simplejavacalculator.Calculator$MonoOperatorModes: simplejavacalculator.Calculator$MonoOperatorModes valueOf(java.lang.String)>/java.lang.Enum.valueOf/0	<simplejavacalculator.Calculator$BiOperatorModes: simplejavacalculator.Calculator$BiOperatorModes valueOf(java.lang.String)>/name#_0	1
0	<simplejavacalculator.UI: void writer(java.lang.Double)>/javax.swing.JTextArea.setText/0	<simplejavacalculator.Calculator$MonoOperatorModes: void <clinit>()>/$stringconstant1	1
0	<simplejavacalculator.UI: void init()>/javax.swing.JButton.setFont/1	<simplejavacalculator.Calculator: java.lang.Double calculateBiImpl()>/$stack12	1
0	<simplejavacalculator.UI: void <init>()>/javax.swing.JButton.<init>/0	<simplejavacalculator.UI: void <init>()>/$stringconstant22	1
0	<simplejavacalculator.UI: void init()>/javax.swing.JButton.setFont/0	<simplejavacalculator.Calculator: java.lang.Double calculateBiImpl()>/$stack26	1
0	<simplejavacalculator.UI: void init()>/javax.swing.JPanel.add/18	<simplejavacalculator.UI: void init()>/$stack122	1
0	<simplejavacalculator.UI: void init()>/javax.swing.JPanel.add/5	<simplejavacalculator.UI: void init()>/$stack77	1
0	<simplejavacalculator.UI: void init()>/javax.swing.JPanel.add/17	<simplejavacalculator.UI: void init()>/$stack119	1
0	<simplejavacalculator.UI: void actionPerformed(java.awt.event.ActionEvent)>/simplejavacalculator.UI.writer/14	<simplejavacalculator.UI: void actionPerformed(java.awt.event.ActionEvent)>/$stack48	1
0	<simplejavacalculator.UI: void init()>/javax.swing.JPanel.add/39	<simplejavacalculator.UI: void actionPerformed(java.awt.event.ActionEvent)>/$stack54	1
1	<simplejavacalculator.Calculator$MonoOperatorModes: void <clinit>()>/simplejavacalculator.Calculator$MonoOperatorModes.<init>/1	<simplejavacalculator.UI: void <init>()>/$numconstant1	1
0	<simplejavacalculator.UI: void init()>/javax.swing.JButton.setFont/13	<simplejavacalculator.UI: void init()>/$stack45	1
0	<simplejavacalculator.UI: void init()>/javax.swing.JFrame.setSize/0	<simplejavacalculator.Calculator$MonoOperatorModes: void <clinit>()>/$numconstant0	1
0	<simplejavacalculator.UI: void init()>/javax.swing.JPanel.add/2	<simplejavacalculator.UI: void init()>/$stack61	1
0	<simplejavacalculator.UI: void init()>/javax.swing.JPanel.add/8	<simplejavacalculator.UI: void init()>/$stack85	1
0	<simplejavacalculator.Calculator$MonoOperatorModes: void <clinit>()>/simplejavacalculator.Calculator$MonoOperatorModes.<init>/6	<simplejavacalculator.UI: void <init>()>/$stringconstant24	1
0	<simplejavacalculator.UI: void init()>/javax.swing.JButton.setFont/3	<simplejavacalculator.UI: void init()>/$stack23	1
0	<simplejavacalculator.UI: void init()>/javax.swing.JPanel.add/4	<simplejavacalculator.UI: void init()>/$stack74	1
0	<simplejavacalculator.UI: void actionPerformed(java.awt.event.ActionEvent)>/simplejavacalculator.UI.reader/6	<simplejavacalculator.UI: void actionPerformed(java.awt.event.ActionEvent)>/$stack76	1
0	<simplejavacalculator.UI: void <init>()>/simplejavacalculator.BufferedImageCustom.<init>/0	<simplejavacalculator.UI: void <init>()>/$stringconstant28	1
1	<simplejavacalculator.UI: void init()>/javax.swing.JPanel.add/28	<simplejavacalculator.SimpleJavaCalculator: void main(java.lang.String[])>/$stack5	1
0	<simplejavacalculator.UI: void init()>/javax.swing.JButton.setFont/12	<simplejavacalculator.UI: void init()>/$stack37	1
0	<simplejavacalculator.UI: void <init>()>/javax.swing.JPanel.<init>/8	<simplejavacalculator.UI: void <init>()>/$stringconstant19	1
0	<simplejavacalculator.Calculator: java.lang.Double calculateBiImpl()>/java.lang.Double.doubleValue/9	<simplejavacalculator.UI: void init()>/$stack21	1
0	<simplejavacalculator.UI: void <init>()>/javax.swing.JButton.<init>/10	<simplejavacalculator.UI: void <init>()>/$stringconstant21	1
0	<simplejavacalculator.UI: void init()>/javax.swing.JButton.setFont/9	<simplejavacalculator.UI: void init()>/$stack33	1
0	<simplejavacalculator.UI: void init()>/javax.swing.JButton.addActionListener/17	<simplejavacalculator.Calculator: java.lang.Double calculateBi(simplejavacalculator.Calculator$BiOperatorModes,java.lang.Double)>/$numconstant0	1
0	<simplejavacalculator.UI: void actionPerformed(java.awt.event.ActionEvent)>/simplejavacalculator.Calculator.calculateMono/5	<simplejavacalculator.UI: void init()>/$stack71	1
0	<simplejavacalculator.UI: void actionPerformed(java.awt.event.ActionEvent)>/simplejavacalculator.UI.writer/11	<simplejavacalculator.UI: void init()>/this#_0	1
0	<simplejavacalculator.UI: java.lang.Double reader()>/java.lang.Double.valueOf/0	<simplejavacalculator.Calculator: java.lang.Double reset()>/$numconstant1	1
0	<simplejavacalculator.UI: void <init>()>/javax.swing.JButton.<init>/7	<simplejavacalculator.UI: void <init>()>/$stack52	1
0	<simplejavacalculator.UI: void init()>/javax.swing.JPanel.add/7	<simplejavacalculator.UI: void init()>/$stack81	1
0	<simplejavacalculator.UI: void init()>/javax.swing.JPanel.add/27	<simplejavacalculator.UI: void init()>/$stack207	1
0	<simplejavacalculator.UI: void <init>()>/java.awt.Font.<init>/1	<simplejavacalculator.UI: void writer(java.lang.Double)>/$stringconstant0	1
0	<simplejavacalculator.UI: void actionPerformed(java.awt.event.ActionEvent)>/simplejavacalculator.UI.writer/7	<simplejavacalculator.UI: void init()>/this#_0	1
0	<simplejavacalculator.UI: void <init>()>/javax.swing.JButton.<init>/4	<simplejavacalculator.Calculator$MonoOperatorModes: void <init>(java.lang.String,int)>/l1#_0	1
0	<simplejavacalculator.UI: void init()>/javax.swing.JButton.setFont/6	<simplejavacalculator.UI: void init()>/this#_0	1
0	<simplejavacalculator.UI: void init()>/javax.swing.Box.createHorizontalStrut/1	<simplejavacalculator.Calculator: java.lang.Double reset()>/$numconstant2	1
0	<simplejavacalculator.UI: void <init>()>/javax.swing.JPanel.<init>/7	<simplejavacalculator.UI: void <init>()>/$stack21	1
0	<simplejavacalculator.Calculator$MonoOperatorModes: void <clinit>()>/simplejavacalculator.Calculator$MonoOperatorModes.<init>/0	<simplejavacalculator.UI: void <init>()>/$stringconstant11	1
0	<simplejavacalculator.UI: void init()>/javax.swing.JPanel.add/1	<simplejavacalculator.UI: void init()>/$stack65	1
0	<simplejavacalculator.UI: void actionPerformed(java.awt.event.ActionEvent)>/simplejavacalculator.UI.writer/10	<simplejavacalculator.UI: void actionPerformed(java.awt.event.ActionEvent)>/$stack72	1
0	<simplejavacalculator.BufferedImageCustom: java.awt.Image imageReturn()>/java.lang.Object.getClass/0	<simplejavacalculator.UI: void init()>/$stack101	1
0	<simplejavacalculator.UI: void init()>/javax.swing.JPanel.add/10	<simplejavacalculator.UI: void init()>/$stack95	1
0	<simplejavacalculator.UI: void init()>/javax.swing.JPanel.add/22	<simplejavacalculator.UI: void init()>/$stack133	1
0	<simplejavacalculator.Calculator$BiOperatorModes: simplejavacalculator.Calculator$BiOperatorModes valueOf(java.lang.String)>/java.lang.Enum.valueOf/0	<simplejavacalculator.BufferedImageCustom: java.awt.Image imageReturn()>/$stringconstant0	1
0	<simplejavacalculator.Calculator: java.lang.Double reset()>/java.lang.Double.valueOf/1	<simplejavacalculator.UI: java.lang.Double reader()>/str#_322	1
0	<simplejavacalculator.Calculator: java.lang.Double reset()>/java.lang.Double.valueOf/2	<simplejavacalculator.UI: void actionPerformed(java.awt.event.ActionEvent)>/$stack66	1
0	<simplejavacalculator.UI: void <init>()>/javax.swing.JButton.<init>/9	<simplejavacalculator.UI: void <init>()>/$stack27	1
0	<simplejavacalculator.UI: void init()>/javax.swing.JPanel.add/29	<simplejavacalculator.UI: void init()>/$stack153	1
0	<simplejavacalculator.Calculator: java.lang.Double calculateBi(simplejavacalculator.Calculator$BiOperatorModes,java.lang.Double)>/java.lang.Double.valueOf/0	<simplejavacalculator.UI: void <init>()>/$numconstant5	1
1	<simplejavacalculator.UI: void <init>()>/java.awt.Font.<init>/1	<simplejavacalculator.UI: void init()>/$numconstant7	1
0	<simplejavacalculator.UI: void init()>/javax.swing.JPanel.add/23	<simplejavacalculator.UI: void init()>/$stack144	1
0	<simplejavacalculator.UI: void init()>/javax.swing.JButton.setFont/17	<simplejavacalculator.UI: void init()>/$stack50	1
2	<simplejavacalculator.UI: void <init>()>/javax.swing.JPanel.<init>/6	<simplejavacalculator.UI: void <init>()>/$numconstant2	1
0	<simplejavacalculator.UI: void init()>/javax.swing.JPanel.add/28	<simplejavacalculator.UI: void actionPerformed(java.awt.event.ActionEvent)>/$stack64	1
0	<simplejavacalculator.UI: void <init>()>/javax.swing.JTextArea.<init>/0	<simplejavacalculator.UI: void <init>()>/$stack25	1
0	<simplejavacalculator.UI: void init()>/javax.swing.JPanel.add/14	<simplejavacalculator.UI: void init()>/$stack105	1
0	<simplejavacalculator.UI: void init()>/javax.swing.JPanel.add/24	<simplejavacalculator.UI: void init()>/$stack174	1
0	<simplejavacalculator.Calculator$BiOperatorModes: void <clinit>()>/simplejavacalculator.Calculator$BiOperatorModes.<init>/5	<simplejavacalculator.Calculator$BiOperatorModes: void <clinit>()>/$stringconstant0	1
0	<simplejavacalculator.UI: void init()>/javax.swing.JPanel.add/35	<simplejavacalculator.UI: void init()>/$stack10	1
0	<simplejavacalculator.UI: void init()>/javax.swing.JButton.setFont/11	<simplejavacalculator.UI: void init()>/$stack29	1
0	<simplejavacalculator.Calculator: java.lang.Double calculateMono(simplejavacalculator.Calculator$MonoOperatorModes,java.lang.Double)>/java.lang.Double.valueOf/0	<simplejavacalculator.UI: void parsetoBinary()>/$stack6	1
0	<simplejavacalculator.BufferedImageCustom: java.awt.Image imageReturn()>/javax.imageio.ImageIO.read/0	<simplejavacalculator.Calculator: java.lang.Double calculateMono(simplejavacalculator.Calculator$MonoOperatorModes,java.lang.Double)>/$stack55	1
0	<simplejavacalculator.UI: void <init>()>/javax.swing.JButton.<init>/8	<simplejavacalculator.UI: void init()>/$numconstant4	1
1	<simplejavacalculator.Calculator$BiOperatorModes: simplejavacalculator.Calculator$BiOperatorModes valueOf(java.lang.String)>/java.lang.Enum.valueOf/0	<simplejavacalculator.Calculator$MonoOperatorModes: simplejavacalculator.Calculator$MonoOperatorModes valueOf(java.lang.String)>/name#_0	1
0	<simplejavacalculator.UI: void <init>()>/javax.swing.JPanel.<init>/0	<simplejavacalculator.UI: void <init>()>/$stack12	1
1	<simplejavacalculator.UI: void actionPerformed(java.awt.event.ActionEvent)>/simplejavacalculator.UI.reader/6	<simplejavacalculator.UI: void actionPerformed(java.awt.event.ActionEvent)>/$stack53	1
1	<simplejavacalculator.UI: void <init>()>/javax.swing.JButton.<init>/8	<simplejavacalculator.UI: void <init>()>/$numconstant4	1
0	<simplejavacalculator.UI: void init()>/javax.swing.JPanel.add/16	<simplejavacalculator.UI: void init()>/$stack113	1
0	<simplejavacalculator.UI: void <init>()>/java.awt.Font.<init>/0	<simplejavacalculator.UI: void <init>()>/$stack10	1
0	<simplejavacalculator.Calculator$MonoOperatorModes: void <clinit>()>/simplejavacalculator.Calculator$MonoOperatorModes.<init>/1	<simplejavacalculator.UI: void <init>()>/$stringconstant20	1
0	<simplejavacalculator.UI: void <init>()>/javax.swing.JButton.<init>/17	<simplejavacalculator.UI: void <init>()>/$stack31	1
0	<simplejavacalculator.UI: void <init>()>/javax.swing.JButton.<init>/16	<simplejavacalculator.UI: void <init>()>/$stringconstant29	1
0	<simplejavacalculator.UI: void init()>/javax.swing.JButton.addActionListener/15	<simplejavacalculator.UI: void init()>/$stack17	1
0	<simplejavacalculator.UI: void parsetoBinary()>/java.lang.Long.parseLong/0	<simplejavacalculator.UI: void actionPerformed(java.awt.event.ActionEvent)>/$stack65	1
0	<simplejavacalculator.UI: void init()>/javax.swing.JButton.setFont/5	<simplejavacalculator.UI: void init()>/$stack41	1
0	<simplejavacalculator.SimpleJavaCalculator: void main(java.lang.String[])>/java.io.PrintStream.println/0	<simplejavacalculator.UI: void actionPerformed(java.awt.event.ActionEvent)>/$stack30	1
0	<simplejavacalculator.UI: void init()>/javax.swing.JPanel.add/25	<simplejavacalculator.UI: void init()>/$stack141	1
0	<simplejavacalculator.UI: void <init>()>/javax.swing.JButton.<init>/2	<simplejavacalculator.UI: void <init>()>/$stringconstant16	1
0	<simplejavacalculator.UI: void <init>()>/javax.swing.JButton.<init>/15	<simplejavacalculator.UI: void <init>()>/$stringconstant14	1
0	<simplejavacalculator.UI: void init()>/javax.swing.JTextArea.setFont/0	<simplejavacalculator.UI: void init()>/$stack162	1
0	<simplejavacalculator.UI: void init()>/javax.swing.JFrame.setDefaultCloseOperation/0	<simplejavacalculator.Calculator$MonoOperatorModes: void <clinit>()>/$numconstant3	1
0	<simplejavacalculator.UI: void actionPerformed(java.awt.event.ActionEvent)>/simplejavacalculator.Calculator.calculateMono/3	<simplejavacalculator.UI: void init()>/$stack35	1
0	<simplejavacalculator.UI: void init()>/javax.swing.JFrame.setVisible/0	<simplejavacalculator.UI: void init()>/$stack40	1
0	<simplejavacalculator.UI: void init()>/javax.swing.JPanel.add/15	<simplejavacalculator.UI: void init()>/$stack109	1
0	<simplejavacalculator.UI: void <init>()>/javax.swing.JPanel.<init>/7	<simplejavacalculator.UI: void <init>()>/$stack25	10
0	<simplejavacalculator.UI: void init()>/javax.swing.JButton.addActionListener/17	<simplejavacalculator.UI: void init()>/this#_0	10
0	<simplejavacalculator.UI: void <init>()>/javax.swing.JButton.<init>/10	<simplejavacalculator.UI: void <init>()>/$stringconstant22	10
0	<simplejavacalculator.Calculator$MonoOperatorModes: void <clinit>()>/simplejavacalculator.Calculator$MonoOperatorModes.<init>/1	<simplejavacalculator.Calculator$MonoOperatorModes: void <clinit>()>/$stringconstant1	10
0	<simplejavacalculator.UI: void actionPerformed(java.awt.event.ActionEvent)>/simplejavacalculator.Calculator.calculateMono/3	<simplejavacalculator.UI: void actionPerformed(java.awt.event.ActionEvent)>/$stack64	10
1	<simplejavacalculator.Calculator$MonoOperatorModes: void <clinit>()>/simplejavacalculator.Calculator$MonoOperatorModes.<init>/3	<simplejavacalculator.Calculator$MonoOperatorModes: void <clinit>()>/$numconstant3	10
0	<simplejavacalculator.Calculator: java.lang.Double reset()>/java.lang.Double.valueOf/1	<simplejavacalculator.Calculator: java.lang.Double reset()>/$numconstant1	10
0	<simplejavacalculator.UI: void <init>()>/javax.swing.JTextArea.<init>/0	<simplejavacalculator.UI: void <init>()>/$numconstant3	10
0	<simplejavacalculator.UI: void <init>()>/javax.swing.BoxLayout.<init>/0	<simplejavacalculator.UI: void <init>()>/$stack10	10
0	<simplejavacalculator.Calculator$BiOperatorModes: void <clinit>()>/simplejavacalculator.Calculator$BiOperatorModes.<init>/0	<simplejavacalculator.Calculator$BiOperatorModes: void <clinit>()>/$stringconstant0	10
0	<simplejavacalculator.Calculator: java.lang.Double reset()>/java.lang.Double.valueOf/2	<simplejavacalculator.Calculator: java.lang.Double reset()>/$numconstant2	10
0	<simplejavacalculator.UI: void init()>/javax.swing.JPanel.add/27	<simplejavacalculator.UI: void init()>/$stack138	10
0	<simplejavacalculator.UI: void <init>()>/javax.swing.JButton.<init>/12	<simplejavacalculator.UI: void <init>()>/$stringconstant24	10
0	<simplejavacalculator.UI: void <init>()>/java.awt.Font.<init>/0	<simplejavacalculator.UI: void <init>()>/$stringconstant11	10
0	<simplejavacalculator.UI: void init()>/javax.swing.JButton.setFont/13	<simplejavacalculator.UI: void init()>/$stack37	10
0	<simplejavacalculator.UI: void init()>/javax.swing.JPanel.add/10	<simplejavacalculator.UI: void init()>/$stack81	10
0	<simplejavacalculator.UI: void init()>/javax.swing.JPanel.add/39	<simplejavacalculator.UI: void init()>/$stack174	10
0	<simplejavacalculator.UI: void init()>/javax.swing.JButton.setFont/15	<simplejavacalculator.UI: void init()>/$stack41	10
0	<simplejavacalculator.UI: void init()>/javax.swing.JPanel.add/14	<simplejavacalculator.UI: void init()>/$stack95	10
0	<simplejavacalculator.UI: void init()>/javax.swing.JPanel.add/29	<simplejavacalculator.UI: void init()>/$stack144	10
0	<simplejavacalculator.UI: void init()>/javax.swing.JPanel.add/28	<simplejavacalculator.UI: void init()>/$stack141	10
0	<simplejavacalculator.UI: void init()>/javax.swing.JButton.setFont/3	<simplejavacalculator.UI: void init()>/$stack17	10
0	<simplejavacalculator.UI: void init()>/javax.swing.JButton.setFont/17	<simplejavacalculator.UI: void init()>/$stack45	10
0	<simplejavacalculator.UI: void init()>/javax.swing.JButton.setFont/12	<simplejavacalculator.UI: void init()>/$stack35	10
1	<simplejavacalculator.Calculator$MonoOperatorModes: void <clinit>()>/simplejavacalculator.Calculator$MonoOperatorModes.<init>/0	<simplejavacalculator.Calculator$MonoOperatorModes: void <clinit>()>/$numconstant0	10
0	<simplejavacalculator.UI: void init()>/javax.swing.JPanel.add/5	<simplejavacalculator.UI: void init()>/$stack65	10
0	<simplejavacalculator.UI: void init()>/javax.swing.JPanel.add/19	<simplejavacalculator.UI: void init()>/$stack113	10
0	<simplejavacalculator.UI: void parsetoBinary()>/java.lang.Long.parseLong/0	<simplejavacalculator.UI: void parsetoBinary()>/$stack6	10
1	<simplejavacalculator.Calculator$MonoOperatorModes: void <clinit>()>/simplejavacalculator.Calculator$MonoOperatorModes.<init>/1	<simplejavacalculator.Calculator$MonoOperatorModes: void <clinit>()>/$numconstant1	10
1	<simplejavacalculator.Calculator$MonoOperatorModes: simplejavacalculator.Calculator$MonoOperatorModes valueOf(java.lang.String)>/java.lang.Enum.valueOf/0	<simplejavacalculator.Calculator$MonoOperatorModes: simplejavacalculator.Calculator$MonoOperatorModes valueOf(java.lang.String)>/name#_0	10
0	<simplejavacalculator.UI: void <init>()>/javax.swing.JPanel.<init>/8	<simplejavacalculator.UI: void <init>()>/$stack27	10
0	<simplejavacalculator.UI: void init()>/javax.swing.JPanel.add/24	<simplejavacalculator.UI: void init()>/$stack129	10
0	<simplejavacalculator.UI: void actionPerformed(java.awt.event.ActionEvent)>/simplejavacalculator.UI.writer/11	<simplejavacalculator.UI: void actionPerformed(java.awt.event.ActionEvent)>/$stack48	10
1	<simplejavacalculator.UI: void actionPerformed(java.awt.event.ActionEvent)>/simplejavacalculator.Calculator.calculateMono/5	<simplejavacalculator.UI: void actionPerformed(java.awt.event.ActionEvent)>/$stack53	10
0	<simplejavacalculator.UI: void init()>/javax.swing.JPanel.add/7	<simplejavacalculator.UI: void init()>/$stack71	10
0	<simplejavacalculator.UI: void parsetoBinary()>/java.lang.Long.toBinaryString/0	<simplejavacalculator.UI: void parsetoBinary()>/$stack7	10
0	<simplejavacalculator.UI: void <init>()>/java.awt.Font.<init>/1	<simplejavacalculator.UI: void <init>()>/$stringconstant12	10
0	<simplejavacalculator.UI: void <init>()>/javax.swing.JButton.<init>/7	<simplejavacalculator.UI: void <init>()>/$stringconstant19	10
1	<simplejavacalculator.UI: void <init>()>/java.awt.Font.<init>/0	<simplejavacalculator.UI: void <init>()>/$numconstant1	10
0	<simplejavacalculator.SimpleJavaCalculator: void main(java.lang.String[])>/java.io.PrintStream.println/0	<simplejavacalculator.SimpleJavaCalculator: void main(java.lang.String[])>/$stack5	10
0	<simplejavacalculator.UI: void init()>/javax.swing.JPanel.add/1	<simplejavacalculator.UI: void init()>/$stack50	10
0	<simplejavacalculator.UI: void <init>()>/javax.swing.JButton.<init>/4	<simplejavacalculator.UI: void <init>()>/$stringconstant16	10
1	<simplejavacalculator.UI: void <init>()>/java.awt.Font.<init>/1	<simplejavacalculator.UI: void <init>()>/$numconstant5	10
0	<simplejavacalculator.UI: void writer(java.lang.Double)>/javax.swing.JTextArea.setText/0	<simplejavacalculator.UI: void writer(java.lang.Double)>/$stringconstant0	10
0	<simplejavacalculator.UI: void init()>/javax.swing.JPanel.add/9	<simplejavacalculator.UI: void init()>/$stack77	10
1	<simplejavacalculator.UI: void <init>()>/javax.swing.BoxLayout.<init>/0	<simplejavacalculator.UI: void <init>()>/$numconstant0	10
0	<simplejavacalculator.UI: void init()>/javax.swing.JButton.setFont/1	<simplejavacalculator.UI: void init()>/$stack13	10
0	<simplejavacalculator.UI: void init()>/javax.swing.JButton.setFont/6	<simplejavacalculator.UI: void init()>/$stack23	10
2	<simplejavacalculator.UI: void <init>()>/java.awt.Font.<init>/0	<simplejavacalculator.UI: void <init>()>/$numconstant2	10
0	<simplejavacalculator.UI: void actionPerformed(java.awt.event.ActionEvent)>/simplejavacalculator.UI.writer/8	<simplejavacalculator.UI: void actionPerformed(java.awt.event.ActionEvent)>/$stack66	10
0	<simplejavacalculator.UI: void actionPerformed(java.awt.event.ActionEvent)>/simplejavacalculator.UI.writer/7	<simplejavacalculator.UI: void actionPerformed(java.awt.event.ActionEvent)>/$stack72	10
0	<simplejavacalculator.UI: void <init>()>/javax.swing.JButton.<init>/8	<simplejavacalculator.UI: void <init>()>/$stringconstant20	10
0	<simplejavacalculator.UI: void init()>/javax.swing.JButton.setFont/0	<simplejavacalculator.UI: void init()>/$stack207	10
0	<simplejavacalculator.BufferedImageCustom: java.awt.Image imageReturn()>/java.lang.Class.getResourceAsStream/0	<simplejavacalculator.BufferedImageCustom: java.awt.Image imageReturn()>/$stringconstant0	10
0	<simplejavacalculator.UI: void init()>/javax.swing.JPanel.add/25	<simplejavacalculator.UI: void init()>/$stack133	10
0	<simplejavacalculator.UI: void init()>/javax.swing.JFrame.setVisible/0	<simplejavacalculator.UI: void init()>/$numconstant2	10
0	<simplejavacalculator.UI: void init()>/javax.swing.JButton.setFont/11	<simplejavacalculator.UI: void init()>/$stack33	10
0	<simplejavacalculator.Calculator$BiOperatorModes: simplejavacalculator.Calculator$BiOperatorModes valueOf(java.lang.String)>/java.lang.Enum.valueOf/0	<simplejavacalculator.Calculator$BiOperatorModes: simplejavacalculator.Calculator$BiOperatorModes valueOf(java.lang.String)>/$classconstant0	10
0	<simplejavacalculator.UI: void init()>/javax.swing.JButton.addActionListener/13	<simplejavacalculator.UI: void init()>/this#_0	10
0	<simplejavacalculator.UI: void init()>/javax.swing.Box.createHorizontalStrut/1	<simplejavacalculator.UI: void init()>/$numconstant7	10
0	<simplejavacalculator.UI: void init()>/javax.swing.JButton.setFont/9	<simplejavacalculator.UI: void init()>/$stack29	10
0	<simplejavacalculator.Calculator$BiOperatorModes: void <init>(java.lang.String,int)>/java.lang.Enum.<init>/0	<simplejavacalculator.Calculator$BiOperatorModes: void <init>(java.lang.String,int)>/l1#_0	10
0	<simplejavacalculator.UI: void init()>/javax.swing.JPanel.add/2	<simplejavacalculator.UI: void init()>/$stack53	10
0	<simplejavacalculator.Calculator$MonoOperatorModes: void <init>(java.lang.String,int)>/java.lang.Enum.<init>/0	<simplejavacalculator.Calculator$MonoOperatorModes: void <init>(java.lang.String,int)>/l1#_0	10
0	<simplejavacalculator.UI: void init()>/javax.swing.JPanel.add/32	<simplejavacalculator.UI: void init()>/$stack153	10
0	<simplejavacalculator.UI: void init()>/javax.swing.JPanel.add/11	<simplejavacalculator.UI: void init()>/$stack85	10
0	<simplejavacalculator.UI: void init()>/javax.swing.JFrame.setSize/0	<simplejavacalculator.UI: void init()>/$numconstant0	10
0	<simplejavacalculator.UI: void init()>/javax.swing.JButton.setFont/5	<simplejavacalculator.UI: void init()>/$stack21	10
0	<simplejavacalculator.UI: void <init>()>/javax.swing.JButton.<init>/2	<simplejavacalculator.UI: void <init>()>/$stringconstant14	10
0	<simplejavacalculator.BufferedImageCustom: java.awt.Image imageReturn()>/javax.imageio.ImageIO.read/0	<simplejavacalculator.BufferedImageCustom: java.awt.Image imageReturn()>/bis#_19	10
0	<simplejavacalculator.Calculator: java.lang.Double calculateBi(simplejavacalculator.Calculator$BiOperatorModes,java.lang.Double)>/java.lang.Double.valueOf/0	<simplejavacalculator.Calculator: java.lang.Double calculateBi(simplejavacalculator.Calculator$BiOperatorModes,java.lang.Double)>/$numconstant0	10
0	<simplejavacalculator.UI: void init()>/javax.swing.JPanel.add/16	<simplejavacalculator.UI: void init()>/$stack101	10
0	<simplejavacalculator.UI: void init()>/javax.swing.JPanel.add/35	<simplejavacalculator.UI: void init()>/$stack162	10
0	<simplejavacalculator.UI: void init()>/javax.swing.JPanel.add/23	<simplejavacalculator.UI: void init()>/$stack125	10
0	<simplejavacalculator.UI: java.lang.Double reader()>/java.lang.Double.valueOf/0	<simplejavacalculator.UI: java.lang.Double reader()>/str#_322	10
1	<simplejavacalculator.Calculator$BiOperatorModes: simplejavacalculator.Calculator$BiOperatorModes valueOf(java.lang.String)>/java.lang.Enum.valueOf/0	<simplejavacalculator.Calculator$BiOperatorModes: simplejavacalculator.Calculator$BiOperatorModes valueOf(java.lang.String)>/name#_0	10
0	<simplejavacalculator.UI: void actionPerformed(java.awt.event.ActionEvent)>/simplejavacalculator.UI.writer/10	<simplejavacalculator.UI: void actionPerformed(java.awt.event.ActionEvent)>/$stack54	10
0	<simplejavacalculator.Calculator$MonoOperatorModes: void <clinit>()>/simplejavacalculator.Calculator$MonoOperatorModes.<init>/6	<simplejavacalculator.Calculator$MonoOperatorModes: void <clinit>()>/$stringconstant6	10
0	<simplejavacalculator.UI: void <init>()>/javax.swing.JPanel.setLayout/0	<simplejavacalculator.UI: void <init>()>/$stack9	10
0	<simplejavacalculator.UI: void init()>/javax.swing.JPanel.add/8	<simplejavacalculator.UI: void init()>/$stack74	10
0	<simplejavacalculator.UI: void init()>/javax.swing.JPanel.add/15	<simplejavacalculator.UI: void init()>/$stack98	10
0	<simplejavacalculator.UI: void init()>/javax.swing.JPanel.add/18	<simplejavacalculator.UI: void init()>/$stack109	10
0	<simplejavacalculator.UI: void init()>/javax.swing.JFrame.setDefaultCloseOperation/0	<simplejavacalculator.UI: void init()>/$numconstant4	10
0	<simplejavacalculator.UI: void <init>()>/javax.swing.JButton.<init>/9	<simplejavacalculator.UI: void <init>()>/$stringconstant21	10
0	<simplejavacalculator.UI: void init()>/javax.swing.JPanel.add/17	<simplejavacalculator.UI: void init()>/$stack105	10
0	<simplejavacalculator.UI: void init()>/javax.swing.JButton.addActionListener/15	<simplejavacalculator.UI: void init()>/this#_0	10
0	<simplejavacalculator.UI: void actionPerformed(java.awt.event.ActionEvent)>/simplejavacalculator.Calculator.calculateMono/1	<simplejavacalculator.UI: void actionPerformed(java.awt.event.ActionEvent)>/$stack76	10
0	<simplejavacalculator.UI: void <init>()>/javax.swing.JButton.<init>/17	<simplejavacalculator.UI: void <init>()>/$stringconstant29	10
0	<simplejavacalculator.UI: void <init>()>/javax.swing.JPanel.<init>/5	<simplejavacalculator.UI: void <init>()>/$stack21	10
0	<simplejavacalculator.UI: void init()>/javax.swing.JTextArea.setFont/0	<simplejavacalculator.UI: void init()>/$stack10	10
0	<simplejavacalculator.UI: void <init>()>/javax.swing.JButton.<init>/0	<simplejavacalculator.UI: void <init>()>/$stack52	10
0	<simplejavacalculator.UI: void init()>/javax.swing.JPanel.add/4	<simplejavacalculator.UI: void init()>/$stack61	10
0	<simplejavacalculator.UI: void actionPerformed(java.awt.event.ActionEvent)>/simplejavacalculator.Calculator.calculateMono/5	<simplejavacalculator.UI: void actionPerformed(java.awt.event.ActionEvent)>/$stack52	10
0	<simplejavacalculator.Calculator$BiOperatorModes: void <clinit>()>/simplejavacalculator.Calculator$BiOperatorModes.<init>/5	<simplejavacalculator.Calculator$BiOperatorModes: void <clinit>()>/$stringconstant5	10
0	<simplejavacalculator.Calculator: java.lang.Double calculateMono(simplejavacalculator.Calculator$MonoOperatorModes,java.lang.Double)>/java.lang.Double.valueOf/0	<simplejavacalculator.Calculator: java.lang.Double calculateMono(simplejavacalculator.Calculator$MonoOperatorModes,java.lang.Double)>/$stack55	10
1	<simplejavacalculator.UI: void <init>()>/javax.swing.JTextArea.<init>/0	<simplejavacalculator.UI: void <init>()>/$numconstant4	10
0	<simplejavacalculator.UI: void <init>()>/javax.swing.JButton.<init>/15	<simplejavacalculator.UI: void <init>()>/$stringconstant27	10
0	<simplejavacalculator.UI: void init()>/javax.swing.JPanel.add/21	<simplejavacalculator.UI: void init()>/$stack119	10
0	<simplejavacalculator.UI: void actionPerformed(java.awt.event.ActionEvent)>/simplejavacalculator.UI.writer/14	<simplejavacalculator.UI: void actionPerformed(java.awt.event.ActionEvent)>/$stack30	10
1	<simplejavacalculator.UI: void actionPerformed(java.awt.event.ActionEvent)>/simplejavacalculator.Calculator.calculateMono/3	<simplejavacalculator.UI: void actionPerformed(java.awt.event.ActionEvent)>/$stack65	10
0	<simplejavacalculator.UI: void init()>/javax.swing.JPanel.add/22	<simplejavacalculator.UI: void init()>/$stack122	10
0	<simplejavacalculator.Calculator$MonoOperatorModes: void <clinit>()>/simplejavacalculator.Calculator$MonoOperatorModes.<init>/0	<simplejavacalculator.Calculator$MonoOperatorModes: void <clinit>()>/$stringconstant0	10
0	<simplejavacalculator.UI: void init()>/javax.swing.JButton.setFont/14	<simplejavacalculator.UI: void init()>/$stack39	10
0	<simplejavacalculator.UI: void <init>()>/javax.swing.JButton.<init>/16	<simplejavacalculator.UI: void <init>()>/$stringconstant28	10
